DATE,Average Wind,Preciptiation,Snow,Temperature
2014-01-01,9.4,0,0,24
2014-01-02,17.45,0.38,10.6,20
2014-01-03,17,0.19,4.5,6
2014-01-04,12.3,0,0,10
2014-01-05,8.05,0.04,0,29
2014-01-06,13.87,0.32,0,44
2014-01-07,19.69,0,0,21
2014-01-08,12.75,0,0,13
2014-01-09,8.5,0,0,23
2014-01-10,4.92,0.02,0.2,25
2014-01-11,11.41,0.54,0,43
2014-01-12,16.11,0,0,48
2014-01-13,11.41,0,0,40
2014-01-14,7.83,0.79,0,47
2014-01-15,6.49,0,0,43
2014-01-16,3.13,0,0,37
2014-01-17,7.83,0,0,39
2014-01-18,6.93,0.79,2,35
2014-01-19,14.76,0.03,0.2,33
2014-01-20,14.99,0,0,35
2014-01-21,11.63,0.11,3.9,20
2014-01-22,16.55,0,0.3,12
2014-01-23,12.75,0,0,12
2014-01-24,13.65,0,0,13
2014-01-25,17.22,0,0.1,24
2014-01-26,15.66,0,0,22
2014-01-27,13.87,0.02,0,31
2014-01-28,12.75,0,0,19
2014-01-29,9.84,0.01,0,20
2014-01-30,9.84,0,0,22
2014-01-31,9.17,0,0,30
2014-02-01,8.28,0,0,38
2014-02-02,6.71,0.02,0,40
2014-02-03,9.17,0.17,1.6,36
2014-02-04,6.04,0,0,29
2014-02-05,10.74,1.11,10.7,31
2014-02-06,7.83,0,0,23
2014-02-07,10.74,0,0,24
2014-02-08,10.07,0,0,24
2014-02-09,7.61,0.03,0.3,26
2014-02-10,11.63,0,0.1,26
2014-02-11,10.29,0,0,20
2014-02-12,7.61,0,0,17
2014-02-13,19.91,1.35,3.2,29
2014-02-14,18.34,0.31,0.1,34
2014-02-15,9.62,0.33,3.6,32
2014-02-16,16.55,0.02,0.4,29
2014-02-17,14.76,0,0,22
2014-02-18,10.51,0.22,2.5,24
2014-02-19,8.05,0.25,0,29
2014-02-20,9.4,0.08,0,39
2014-02-21,8.95,0.22,0,37
2014-02-22,14.32,0,0,42
2014-02-23,6.04,0,0,43
2014-02-24,16.33,0,0,38
2014-02-25,10.51,0,0,25
2014-02-26,11.63,0,0,24
2014-02-27,11.86,0.02,0.4,20
2014-02-28,11.86,0,0,18
2014-03-01,8.05,0,0,24
2014-03-02,6.93,0,0,34
2014-03-03,11.63,0,0,25
2014-03-04,8.05,0,0,20
2014-03-05,9.62,0,0.1,26
2014-03-06,7.38,0,0,19
2014-03-07,4.7,0,0,25
2014-03-08,7.61,0,0,38
2014-03-09,10.51,0,0,37
2014-03-10,8.05,0.03,0.6,35
2014-03-11,8.5,0,0,44
2014-03-12,4.92,0.43,0,42
2014-03-13,18.34,0.06,1.5,28
2014-03-14,14.09,0,0,24
2014-03-15,14.54,0.01,0,44
2014-03-16,16.33,0,0,35
2014-03-17,8.28,0,0,23
2014-03-18,8.28,0,0,27
2014-03-19,10.29,0,0,33
2014-03-20,12.08,0.29,0,42
2014-03-21,16.78,0,0,40
2014-03-22,14.09,0,0,40
2014-03-23,12.97,0,0,39
2014-03-24,12.75,0,0,25
2014-03-25,10.07,0,0,29
2014-03-26,25.95,0,0,32
2014-03-27,14.32,0,0,30
2014-03-28,14.32,0.02,0,44
2014-03-29,12.53,0.97,0,47
2014-03-30,17.22,2.23,0,40
2014-03-31,13.42,0.44,0,36
2014-04-01,9.62,0,0,40
2014-04-02,5.59,0,0,42
2014-04-03,9.4,0,0,43
2014-04-04,11.18,0.26,0,40
2014-04-05,13.42,0.23,0,43
2014-04-06,8.72,0,0,44
2014-04-07,7.61,0.04,0,49
2014-04-08,13.42,0.67,0,52
2014-04-09,13.2,0,0,50
2014-04-10,13.87,0,0,47
2014-04-11,10.07,0,0,56
2014-04-12,8.5,0.04,0,58
2014-04-13,7.61,0.04,0,52
2014-04-14,21.7,0,0,64
2014-04-15,23.71,0.62,0,62
2014-04-16,14.99,0.36,0.3,42
2014-04-17,13.87,0,0,36
2014-04-18,8.72,0,0,37
2014-04-19,12.08,0,0,48
2014-04-20,9.17,0,0,45
2014-04-21,9.17,0,0,49
2014-04-22,11.86,0.05,0,58
2014-04-23,14.99,0.23,0,53
2014-04-24,20.8,0,0,50
2014-04-25,10.51,0,0,51
2014-04-26,7.38,0.2,0,46
2014-04-27,6.49,0.15,0,43
2014-04-28,11.41,0,0,47
2014-04-29,17,0,0,44
2014-04-30,14.09,0.35,0,43
2014-05-01,5.59,0.62,0,49
2014-05-02,10.29,0.01,0,57
2014-05-03,8.5,0,0,58
2014-05-04,16.11,0,0,57
2014-05-05,13.65,0,0,56
2014-05-06,10.07,0,0,56
2014-05-07,9.62,0,0,55
2014-05-08,6.49,0,0,56
2014-05-09,4.25,0,0,54
2014-05-10,11.63,0.34,0,66
2014-05-11,11.86,0,0,70
2014-05-12,10.96,0,0,71
2014-05-13,10.51,0,0,54
2014-05-14,9.17,0,0,51
2014-05-15,8.72,0,0,64
2014-05-16,13.87,0.06,0,65
2014-05-17,12.75,0.65,0,66
2014-05-18,9.17,0,0,59
2014-05-19,13.2,0.05,0,59
2014-05-20,9.4,0,0,58
2014-05-21,7.38,0,0,59
2014-05-22,7.61,0.25,0,55
2014-05-23,8.5,0.02,0,55
2014-05-24,8.05,0.18,0,55
2014-05-25,6.93,0,0,56
2014-05-26,12.08,0.01,0,65
2014-05-27,11.41,0.48,0,64
2014-05-28,14.99,0.08,0,49
2014-05-29,7.61,0,0,51
2014-05-30,8.05,0.11,0,56
2014-05-31,9.62,0,0,55
2014-06-01,8.05,0,0,58
2014-06-02,8.95,0,0,68
2014-06-03,10.51,0,0,65
2014-06-04,6.26,0.14,0,58
2014-06-05,7.16,0.78,0,58
2014-06-06,10.96,0,0,65
2014-06-07,8.28,0,0,70
2014-06-08,7.83,0,0,74
2014-06-09,10.96,0,0,73
2014-06-10,8.72,0.85,0,68
2014-06-11,9.62,0,0,61
2014-06-12,11.41,0,0,61
2014-06-13,9.62,0.54,0,62
2014-06-14,7.61,0.01,0,64
2014-06-15,12.3,0,0,69
2014-06-16,10.07,0,0,69
2014-06-17,11.18,0.02,0,73
2014-06-18,14.32,0,0,78
2014-06-19,10.74,0,0,77
2014-06-20,11.63,0,0,71
2014-06-21,6.93,0,0,65
2014-06-22,7.83,0,0,66
2014-06-23,8.72,0,0,66
2014-06-24,12.53,0,0,71
2014-06-25,14.76,0,0,76
2014-06-26,9.62,0.28,0,71
2014-06-27,7.61,0,0,66
2014-06-28,6.71,0,0,71
2014-06-29,8.95,0,0,74
2014-06-30,13.42,0,0,76
2014-07-01,13.87,0,0,79
2014-07-02,14.99,0,0,81
2014-07-03,10.07,0.28,0,80
2014-07-04,8.05,1.88,0,72
2014-07-05,17,0.35,0,68
2014-07-06,15.21,0,0,76
2014-07-07,14.54,0.08,0,77
2014-07-08,14.99,0,0,81
2014-07-09,13.87,0,0,79
2014-07-10,7.83,0,0,77
2014-07-11,6.71,0,0,70
2014-07-12,8.28,0,0,70
2014-07-13,15.43,0,0,75
2014-07-14,9.84,0.67,0,76
2014-07-15,10.74,0,0,76
2014-07-16,7.83,0.85,0,73
2014-07-17,8.05,0,0,72
2014-07-18,7.83,0,0,72
2014-07-19,5.14,0,0,67
2014-07-20,6.93,0,0,66
2014-07-21,5.82,0,0,66
2014-07-22,9.62,0,0,72
2014-07-23,12.97,0,0,80
2014-07-24,7.61,0,0,73
2014-07-25,7.83,0,0,71
2014-07-26,11.86,0,0,74
2014-07-27,9.4,0.35,0,71
2014-07-28,10.51,0.11,0,74
2014-07-29,9.17,0,0,71
2014-07-30,6.49,0,0,70
2014-07-31,10.07,0,0,71
2014-08-01,8.95,0,0,72
2014-08-02,5.14,0.03,0,68
2014-08-03,5.14,0,0,65
2014-08-04,7.83,0,0,70
2014-08-05,7.61,0,0,76
2014-08-06,8.05,0.01,0,75
2014-08-07,8.5,0.01,0,72
2014-08-08,9.62,0,0,71
2014-08-09,7.83,0,0,72
2014-08-10,7.61,0,0,74
2014-08-11,8.95,0,0,73
2014-08-12,8.72,0,0,72
2014-08-13,14.32,1.06,0,67
2014-08-14,11.41,0,0,68
2014-08-15,8.05,0,0,67
2014-08-16,11.41,0,0,69
2014-08-17,8.72,0,0,71
2014-08-18,9.62,0,0,70
2014-08-19,7.61,0,0,66
2014-08-20,5.14,0,0,67
2014-08-21,6.26,0,0,66
2014-08-22,10.29,0.08,0,67
2014-08-23,8.95,0,0,66
2014-08-24,6.04,0,0,68
2014-08-25,6.71,0,0,73
2014-08-26,10.51,0,0,74
2014-08-27,12.53,0.02,0,78
2014-08-28,12.53,0,0,76
2014-08-29,10.29,0,0,66
2014-08-30,10.29,0,0,67
2014-08-31,13.42,0.54,0,75
2014-09-01,7.83,0,0,77
2014-09-02,8.72,0.01,0,80
2014-09-03,11.63,0,0,78
2014-09-04,8.5,0,0,75
2014-09-05,11.86,0,0,78
2014-09-06,14.54,0.22,0,81
2014-09-07,7.61,0.15,0,69
2014-09-08,10.07,0,0,65
2014-09-09,9.62,0,0,65
2014-09-10,7.83,0,0,64
2014-09-11,13.2,0,0,68
2014-09-12,8.72,0,0,66
2014-09-13,10.74,0.13,0,60
2014-09-14,9.62,0,0,59
2014-09-15,6.71,0,0,56
2014-09-16,4.7,0,0,59
2014-09-17,6.71,0,0,62
2014-09-18,7.16,0,0,63
2014-09-19,10.51,0,0,54
2014-09-20,11.41,0,0,58
2014-09-21,7.61,0.01,0,69
2014-09-22,15.21,0,0,69
2014-09-23,6.93,0,0,59
2014-09-24,9.62,0,0,61
2014-09-25,6.93,0,0,58
2014-09-26,4.92,0,0,61
2014-09-27,5.37,0,0,69
2014-09-28,4.92,0,0,71
2014-09-29,9.62,0,0,69
2014-09-30,9.4,0.18,0,57
2014-10-01,16.11,1.16,0,57
2014-10-02,13.87,0.16,0,55
2014-10-03,7.61,0.01,0,52
2014-10-04,7.61,0.35,0,55
2014-10-05,11.63,0,0,57
2014-10-06,7.61,0,0,54
2014-10-07,12.97,0.01,0,62
2014-10-08,14.32,0.01,0,67
2014-10-09,11.86,0,0,59
2014-10-10,9.62,0,0,57
2014-10-11,4.92,0.31,0,52
2014-10-12,9.17,0,0,51
2014-10-13,7.61,0,0,53
2014-10-14,10.74,0,0,66
2014-10-15,9.17,0,0,68
2014-10-16,10.29,0.63,0,67
2014-10-17,11.41,0,0,63
2014-10-18,11.41,0,0,62
2014-10-19,14.32,0,0,53
2014-10-20,10.74,0,0,47
2014-10-21,7.38,0,0,54
2014-10-22,24.83,0.87,0,53
2014-10-23,24.61,2.25,0,51
2014-10-24,11.18,0.05,0,49
2014-10-25,9.62,0,0,53
2014-10-26,13.42,0,0,56
2014-10-27,11.18,0,0,53
2014-10-28,3.8,0,0,53
2014-10-29,6.71,0.02,0,60
2014-10-30,8.28,0,0,53
2014-10-31,10.51,0,0,49
2014-11-01,17,0.59,0,46
2014-11-02,20.8,0.31,0,39
2014-11-03,14.54,0,0,43
2014-11-04,6.04,0,0,50
2014-11-05,9.17,0,0,58
2014-11-06,5.14,0.59,0,50
2014-11-07,14.32,0,0,47
2014-11-08,10.29,0,0,41
2014-11-09,7.83,0,0,47
2014-11-10,5.14,0,0,48
2014-11-11,5.37,0,0,50
2014-11-12,4.92,0,0,53
2014-11-13,7.61,0.06,0,45
2014-11-14,11.18,0.23,0,40
2014-11-15,9.4,0,0,35
2014-11-16,8.05,0,0,36
2014-11-17,5.82,1.64,0,42
2014-11-18,15.66,0,0,39
2014-11-19,14.09,0,0,29
2014-11-20,13.87,0,0,37
2014-11-21,15.21,0,0,32
2014-11-22,16.11,0,0,32
2014-11-23,9.4,0,0,47
2014-11-24,14.54,0.28,0,53
2014-11-25,11.63,0,0,59
2014-11-26,14.76,1.44,0,45
2014-11-27,10.29,0.02,0.3,36
2014-11-28,10.74,0.11,2.3,31
2014-11-29,7.16,0,0,29
2014-11-30,12.3,0,0,42
2014-12-01,13.42,0.01,0,54
2014-12-02,14.99,0.1,0,38
2014-12-03,12.3,0.44,0,44
2014-12-04,11.63,0,0,40
2014-12-05,10.51,0.11,0,33
2014-12-06,8.05,1.09,0,41
2014-12-07,14.99,0.13,0,36
2014-12-08,13.2,0.03,0.3,22
2014-12-09,19.69,2.9,0,38
2014-12-10,12.75,0.28,0,43
2014-12-11,12.97,0.02,0,36
2014-12-12,10.74,0,0,34
2014-12-13,11.63,0,0,35
2014-12-14,9.84,0,0,37
2014-12-15,5.59,0,0,36
2014-12-16,4.25,0,0,38
2014-12-17,11.41,0.43,0,45
2014-12-18,13.65,0.01,0,41
2014-12-19,10.96,0,0,36
2014-12-20,9.62,0,0,30
2014-12-21,9.17,0,0,33
2014-12-22,7.61,0.05,0,37
2014-12-23,12.75,0.25,0,44
2014-12-24,6.49,0.56,0,44
2014-12-25,14.09,0.14,0,50
2014-12-26,10.51,0,0,44
2014-12-27,9.17,0,0,44
2014-12-28,13.42,0.01,0,46
2014-12-29,8.72,0,0,39
2014-12-30,9.84,0,0,28
2014-12-31,9.4,0,0,24
2015-01-01,14.32,0,0,26
2015-01-02,12.75,0,0,34
2015-01-03,10.29,0.62,1.4,28
2015-01-04,8.28,0.57,0,38
2015-01-05,22.15,0,0,40
2015-01-06,8.72,0.02,0.2,17
2015-01-07,15.66,0,0,19
2015-01-08,14.32,0,0,8
2015-01-09,14.32,0.01,0.2,23
2015-01-10,11.63,0,0,22
2015-01-11,9.62,0,0,21
2015-01-12,9.4,0.2,0,35
2015-01-13,10.51,0,0,27
2015-01-14,8.72,0,0,18
2015-01-15,9.62,0.12,0.8,26
2015-01-16,15.66,0,0,28
2015-01-17,10.96,0,0,16
2015-01-18,9.84,0.15,0,32
2015-01-19,15.21,0,0,42
2015-01-20,13.42,0,0,33
2015-01-21,6.71,0,0,27
2015-01-22,6.93,0,0,32
2015-01-23,10.29,0,0,31
2015-01-24,10.29,0.71,5.1,32
2015-01-25,14.32,0,0,33
2015-01-26,16.33,0.1,2.3,20
2015-01-27,22.15,0.95,22.1,18
2015-01-28,12.75,0.01,0.2,17
2015-01-29,4.25,0,0,21
2015-01-30,11.86,0.06,0.7,31
2015-01-31,21.92,0.05,1.3,18
2015-02-01,11.86,0,0,19
2015-02-02,18.12,0.78,16.2,20
2015-02-03,12.97,0,0,13
2015-02-04,9.4,0.01,0,23
2015-02-05,14.76,0.09,0.8,31
2015-02-06,11.41,0,0,12
2015-02-07,10.74,0.07,0.9,23
2015-02-08,13.42,0.37,7.4,26
2015-02-09,14.99,0.88,14.8,17
2015-02-10,11.18,0.05,0.7,20
2015-02-11,11.63,0.01,0.5,22
2015-02-12,5.37,0.03,1,21
2015-02-13,15.43,0,0,16
2015-02-14,9.62,0.23,3.2,13
2015-02-15,20.8,0.39,13,19
2015-02-16,19.69,0,0,6
2015-02-17,7.83,0.02,0.6,15
2015-02-18,5.37,0.01,0,23
2015-02-19,14.09,0.06,2.4,25
2015-02-20,18.57,0,0,11
2015-02-21,11.18,0.17,1.1,17
2015-02-22,5.14,0.11,0.1,33
2015-02-23,14.54,0,0,27
2015-02-24,9.4,0,0,9
2015-02-25,10.74,0.07,1.9,23
2015-02-26,9.17,0.02,0.2,21
2015-02-27,8.28,0,0,20
2015-02-28,8.72,0,0,21
2015-03-01,6.04,0.17,1.9,23
2015-03-02,14.32,0.01,0.2,30
2015-03-03,10.07,0.26,1.6,26
2015-03-04,11.41,0.02,0,36
2015-03-05,11.86,0,0,33
2015-03-06,10.51,0,0,18
2015-03-07,10.74,0,0,25
2015-03-08,8.5,0,0,33
2015-03-09,10.07,0,0,37
2015-03-10,6.71,0.06,0,39
2015-03-11,11.63,0.01,0,46
2015-03-12,17,0,0,39
2015-03-13,10.51,0,0,30
2015-03-14,8.05,0.8,0,34
2015-03-15,13.87,0.27,2.9,36
2015-03-16,8.72,0,0,33
2015-03-17,14.32,0.14,0,39
2015-03-18,21.7,0,0,27
2015-03-19,15.66,0,0,25
2015-03-20,3.58,0.05,0.5,27
2015-03-21,6.49,0.09,1.2,30
2015-03-22,17.9,0,0,32
2015-03-23,15.21,0,0,24
2015-03-24,7.61,0,0,27
2015-03-25,8.95,0.04,0,35
2015-03-26,8.72,0.8,0,44
2015-03-27,5.37,0.21,0,42
2015-03-28,12.53,0.12,0.3,36
2015-03-29,9.4,0,0,33
2015-03-30,12.97,0,0,36
2015-03-31,12.3,0,0,42
2015-04-01,10.07,0,0,39
2015-04-02,12.75,0,0,43
2015-04-03,12.08,0.03,0,54
2015-04-04,16.33,0.39,0,47
2015-04-05,14.99,0,0,39
2015-04-06,8.72,0,0,39
2015-04-07,8.05,0.03,0,39
2015-04-08,16.78,0.26,0,37
2015-04-09,16.55,0.09,0,35
2015-04-10,8.05,0.09,0,40
2015-04-11,17,0,0,53
2015-04-12,8.95,0,0,51
2015-04-13,12.3,0,0,56
2015-04-14,10.96,0.01,0,59
2015-04-15,11.63,0,0,59
2015-04-16,10.07,0,0,51
2015-04-17,13.2,0.06,0,54
2015-04-18,8.72,0,0,54
2015-04-19,11.41,0,0,46
2015-04-20,13.87,0.61,0,43
2015-04-21,9.62,0.54,0,56
2015-04-22,14.76,0,0,56
2015-04-23,15.88,0,0,47
2015-04-24,15.43,0,0,43
2015-04-25,10.51,0,0,45
2015-04-26,6.49,0,0,47
2015-04-27,11.41,0.1,0,51
2015-04-28,14.32,0.07,0,49
2015-04-29,8.72,0,0,52
2015-04-30,8.95,0,0,50
2015-05-01,7.83,0,0,45
2015-05-02,6.93,0,0,43
2015-05-03,8.5,0,0,53
2015-05-04,13.2,0,0,63
2015-05-05,9.62,0.02,0,66
2015-05-06,9.4,0,0,61
2015-05-07,10.51,0,0,65
2015-05-08,11.63,0,0,60
2015-05-09,7.61,0,0,51
2015-05-10,13.42,0,0,71
2015-05-11,9.62,0,0,68
2015-05-12,9.17,0.02,0,57
2015-05-13,14.32,0,0,64
2015-05-14,9.4,0,0,58
2015-05-15,6.49,0,0,59
2015-05-16,7.83,0,0,61
2015-05-17,7.83,0,0,61
2015-05-18,10.29,0,0,53
2015-05-19,9.84,0.27,0,56
2015-05-20,13.87,0,0,61
2015-05-21,9.62,0,0,57
2015-05-22,12.97,0,0,62
2015-05-23,13.2,0,0,56
2015-05-24,15.66,0,0,65
2015-05-25,10.74,0,0,70
2015-05-26,16.33,0,0,73
2015-05-27,16.11,0,0,74
2015-05-28,13.2,0,0,74
2015-05-29,8.05,0,0,67
2015-05-30,14.54,0,0,69
2015-05-31,13.87,0.91,0,67
2015-06-01,13.65,0.38,0,48
2015-06-02,11.18,0.74,0,47
2015-06-03,6.93,0,0,50
2015-06-04,6.26,0,0,52
2015-06-05,7.61,0,0,54
2015-06-06,6.93,0.09,0,58
2015-06-07,10.74,0,0,59
2015-06-08,16.55,0,0,63
2015-06-09,13.2,0,0,69
2015-06-10,10.96,0,0,71
2015-06-11,13.65,0,0,75
2015-06-12,8.95,0,0,74
2015-06-13,8.5,0,0,73
2015-06-14,9.62,0,0,70
2015-06-15,9.17,0.4,0,58
2015-06-16,4.7,0,0,59
2015-06-17,9.84,0,0,66
2015-06-18,10.29,0,0,65
2015-06-19,9.62,0,0,69
2015-06-20,9.17,0.04,0,65
2015-06-21,6.04,1.72,0,66
2015-06-22,5.82,0,0,66
2015-06-23,11.41,0.01,0,72
2015-06-24,11.18,0,0,76
2015-06-25,7.16,0,0,73
2015-06-26,8.5,0,0,68
2015-06-27,7.16,0.2,0,63
2015-06-28,17.9,1.43,0,59
2015-06-29,6.93,0,0,60
2015-06-30,6.93,0,0,68
2015-07-01,11.18,0.54,0,69
2015-07-02,9.17,0,0,72
2015-07-03,8.5,0,0,71
2015-07-04,4.47,0,0,67
2015-07-05,8.05,0,0,71
2015-07-06,7.16,0,0,75
2015-07-07,10.51,0.02,0,74
2015-07-08,11.18,0,0,79
2015-07-09,8.05,0.15,0,69
2015-07-10,7.61,1.12,0,67
2015-07-11,8.5,0,0,75
2015-07-12,8.95,0,0,80
2015-07-13,6.49,0,0,75
2015-07-14,8.05,0.03,0,71
2015-07-15,7.38,0,0,74
2015-07-16,11.18,0,0,65
2015-07-17,9.17,0,0,67
2015-07-18,10.96,0.14,0,70
2015-07-19,9.4,0,0,78
2015-07-20,9.17,0,0,83
2015-07-21,6.49,0,0,78
2015-07-22,11.63,0,0,76
2015-07-23,7.38,0,0,74
2015-07-24,8.72,0.01,0,72
2015-07-25,8.72,0,0,66
2015-07-26,8.28,0,0,68
2015-07-27,8.05,0.06,0,75
2015-07-28,8.05,0,0,75
2015-07-29,7.38,0,0,80
2015-07-30,14.32,0.02,0,83
2015-07-31,11.18,0,0,80
2015-08-01,10.51,0,0,79
2015-08-02,11.41,0,0,78
2015-08-03,12.75,0,0,78
2015-08-04,9.4,0.49,0,76
2015-08-05,10.51,0,0,75
2015-08-06,9.17,0,0,74
2015-08-07,7.83,0,0,70
2015-08-08,6.26,0,0,67
2015-08-09,8.72,0,0,66
2015-08-10,10.29,0,0,70
2015-08-11,9.62,0.83,0,68
2015-08-12,8.95,0,0,75
2015-08-13,8.05,0,0,73
2015-08-14,9.17,0,0,75
2015-08-15,7.61,0.08,0,76
2015-08-16,6.71,0,0,75
2015-08-17,7.83,0,0,80
2015-08-18,8.05,0.14,0,78
2015-08-19,8.72,0,0,78
2015-08-20,10.74,0,0,73
2015-08-21,5.82,0.63,0,72
2015-08-22,6.93,0,0,71
2015-08-23,8.05,0.02,0,68
2015-08-24,6.04,0,0,71
2015-08-25,8.5,0,0,71
2015-08-26,7.83,0,0,76
2015-08-27,10.07,0,0,74
2015-08-28,7.61,0,0,70
2015-08-29,7.38,0,0,72
2015-08-30,8.95,0,0,77
2015-08-31,11.18,0,0,80
2015-09-01,9.4,0,0,76
2015-09-02,9.17,0,0,77
2015-09-03,5.59,0.01,0,76
2015-09-04,10.74,0,0,69
2015-09-05,7.16,0,0,65
2015-09-06,9.62,0,0,70
2015-09-07,11.86,0,0,77
2015-09-08,7.38,0.2,0,81
2015-09-09,12.75,0,0,80
2015-09-10,10.96,0.17,0,74
2015-09-11,9.84,0.66,0,65
2015-09-12,6.49,0.01,0,66
2015-09-13,9.62,0.38,0,64
2015-09-14,15.21,0,0,65
2015-09-15,10.74,0,0,71
2015-09-16,6.93,0,0,73
2015-09-17,7.38,0,0,76
2015-09-18,7.61,0,0,75
2015-09-19,9.62,0,0,70
2015-09-20,11.63,0,0,71
2015-09-21,10.74,0,0,60
2015-09-22,9.4,0,0,63
2015-09-23,5.59,0,0,61
2015-09-24,8.5,0,0,65
2015-09-25,8.72,0,0,61
2015-09-26,9.62,0,0,58
2015-09-27,6.93,0,0,56
2015-09-28,6.71,0,0,65
2015-09-29,9.17,0.04,0,72
2015-09-30,12.97,2.46,0,71
2015-10-01,17.22,0,0,58
2015-10-02,20.36,0.08,0,53
2015-10-03,22.37,0.01,0,52
2015-10-04,18.12,0,0,54
2015-10-05,9.17,0,0,54
2015-10-06,5.59,0,0,55
2015-10-07,7.16,0,0,60
2015-10-08,8.72,0,0,58
2015-10-09,14.76,0.34,0,60
2015-10-10,9.84,0,0,57
2015-10-11,13.87,0,0,56
2015-10-12,7.61,0,0,62
2015-10-13,7.61,0.12,0,61
2015-10-14,12.53,0,0,63
2015-10-15,8.72,0,0,54
2015-10-16,11.86,0,0,55
2015-10-17,11.86,0,0,51
2015-10-18,11.41,0,0,41
2015-10-19,10.74,0,0,38
2015-10-20,11.63,0,0,53
2015-10-21,6.26,0.07,0,58
2015-10-22,10.96,0,0,60
2015-10-23,13.42,0,0,54
2015-10-24,5.82,0,0,43
2015-10-25,11.63,0.03,0,54
2015-10-26,8.5,0,0,49
2015-10-27,5.82,0,0,46
2015-10-28,17,0.36,0,49
2015-10-29,17,0.73,0,67
2015-10-30,12.97,0,0,56
2015-10-31,6.93,0,0,45
2015-11-01,10.74,0,0,53
2015-11-02,7.16,0,0,57
2015-11-03,7.61,0,0,57
2015-11-04,6.71,0,0,57
2015-11-05,11.86,0,0,61
2015-11-06,14.54,0,0,67
2015-11-07,13.2,0,0,62
2015-11-08,11.41,0,0,51
2015-11-09,8.95,0,0,51
2015-11-10,7.61,0.07,0,49
2015-11-11,16.11,0.54,0,48
2015-11-12,7.38,0.04,0,47
2015-11-13,17.9,0.01,0,54
2015-11-14,16.11,0,0,45
2015-11-15,9.62,0,0,43
2015-11-16,10.74,0,0,53
2015-11-17,6.71,0,0,40
2015-11-18,6.26,0,0,40
2015-11-19,8.95,0,0,47
2015-11-20,12.75,0.86,0,56
2015-11-21,7.61,0,0,44
2015-11-22,7.16,0.3,0,43
2015-11-23,13.42,0.04,0,40
2015-11-24,8.05,0,0,35
2015-11-25,6.04,0,0,39
2015-11-26,9.62,0,0,46
2015-11-27,14.32,0,0,54
2015-11-28,9.62,0.21,0,52
2015-11-29,9.62,0,0,38
2015-11-30,8.72,0,0,33
2015-12-01,6.04,0.14,0,38
2015-12-02,3.8,0.32,0,43
2015-12-03,14.09,0,0,48
2015-12-04,10.74,0,0,43
2015-12-05,6.71,0,0,44
2015-12-06,8.05,0,0,44
2015-12-07,7.38,0,0,45
2015-12-08,10.51,0,0,42
2015-12-09,7.61,0,0,40
2015-12-10,4.92,0,0,48
2015-12-11,7.83,0,0,49
2015-12-12,7.16,0,0,53
2015-12-13,6.71,0,0,51
2015-12-14,4.25,0.42,0,47
2015-12-15,14.09,0.19,0,55
2015-12-16,8.72,0,0,44
2015-12-17,8.05,0.55,0,44
2015-12-18,10.51,0.04,0,49
2015-12-19,15.43,0,0,38
2015-12-20,10.29,0,0,36
2015-12-21,16.11,0,0,42
2015-12-22,8.95,0.23,0,52
2015-12-23,7.38,0.76,0,52
2015-12-24,8.05,0.24,0,55
2015-12-25,5.59,0,0,57
2015-12-26,6.71,0,0,49
2015-12-27,6.26,0.26,0,46
2015-12-28,13.42,0,0,35
2015-12-29,18.12,1.02,0.9,33
2015-12-30,6.26,0.03,0,26
2015-12-31,8.72,0.08,0,38
2016-01-01,12.75,0,0,39
2016-01-02,13.42,0,0,35
2016-01-03,11.63,0,0,36
2016-01-04,12.3,0,0,30
2016-01-05,10.07,0,0,16
2016-01-06,10.07,0,0,30
2016-01-07,6.49,0,0,33
2016-01-08,10.96,0,0,35
2016-01-09,6.04,0.01,0,40
2016-01-10,14.99,1.38,0,45
2016-01-11,19.24,0,0,40
2016-01-12,9.62,0.08,0.3,29
2016-01-13,19.69,0,0,29
2016-01-14,10.51,0,0,24
2016-01-15,6.49,0,0,31
2016-01-16,9.4,1.22,0,39
2016-01-17,9.4,0.1,1.3,35
2016-01-18,16.78,0.11,1.8,27
2016-01-19,21.92,0,0,20
2016-01-20,18.79,0,0,24
2016-01-21,13.87,0,0,27
2016-01-22,11.41,0,0,24
2016-01-23,20.36,0.37,6.1,29
2016-01-24,11.18,0,0,25
2016-01-25,7.16,0,0,31
2016-01-26,14.32,0,0,37
2016-01-27,12.08,0,0,43
2016-01-28,8.05,0,0,34
2016-01-29,7.38,0,0,36
2016-01-30,13.65,0,0,36
2016-01-31,11.86,0,0,43
2016-02-01,13.87,0,0,49
2016-02-02,6.93,0,0,44
2016-02-03,14.54,0.33,0,42
2016-02-04,10.51,0.01,0,54
2016-02-05,13.42,0.96,6.8,37
2016-02-06,10.51,0,0,29
2016-02-07,9.84,0,0,34
2016-02-08,21.25,0.53,6.4,29
2016-02-09,6.26,0,0.1,23
2016-02-10,6.71,0,0.1,28
2016-02-11,16.78,0.01,0.2,28
2016-02-12,11.63,0,0,15
2016-02-13,16.33,0,0,20
2016-02-14,17.22,0,0,0
2016-02-15,6.26,0.26,1.3,11
2016-02-16,14.32,0.66,0,40
2016-02-17,10.74,0,0,42
2016-02-18,12.08,0,0,33
2016-02-19,8.95,0,0.1,28
2016-02-20,13.87,0.01,0,43
2016-02-21,12.53,0,0,50
2016-02-22,8.28,0,0,40
2016-02-23,11.41,0,0,33
2016-02-24,12.08,0.59,0,39
2016-02-25,22.15,0.81,0,54
2016-02-26,19.01,0,0,38
2016-02-27,12.3,0,0,29
2016-02-28,14.54,0,0,42
2016-02-29,16.33,0,0,50
2016-03-01,12.3,0,0,42
2016-03-02,19.24,0.37,0,43
2016-03-03,9.62,0,0,27
2016-03-04,11.63,0.01,0.5,29
2016-03-05,10.29,0,0,28
2016-03-06,6.93,0,0,34
2016-03-07,11.41,0,0,38
2016-03-08,8.5,0,0,44
2016-03-09,13.42,0,0,53
2016-03-10,9.62,0.4,0,62
2016-03-11,6.93,0.09,0,48
2016-03-12,11.18,0,0,45
2016-03-13,9.4,0,0,54
2016-03-14,17,0.21,0,43
2016-03-15,17,1.14,0,43
2016-03-16,8.28,0.03,0,43
2016-03-17,10.51,0.07,0,49
2016-03-18,14.09,0.03,0,47
2016-03-19,11.41,0,0,37
2016-03-20,10.51,0.02,0,32
2016-03-21,10.07,0.22,3.6,33
2016-03-22,14.99,0,0,40
2016-03-23,11.63,0,0,49
2016-03-24,16.33,0,0,40
2016-03-25,6.49,0.16,0,39
2016-03-26,10.29,0,0,40
2016-03-27,7.61,0,0,37
2016-03-28,11.18,0.41,0,40
2016-03-29,20.58,0,0,45
2016-03-30,12.08,0,0,44
2016-03-31,22.82,0,0,55
2016-04-01,17.9,0.05,0,63
2016-04-02,8.95,0.32,0,53
2016-04-03,15.88,0.49,1.9,38
2016-04-04,11.18,0.41,4.7,28
2016-04-05,12.53,0,0,29
2016-04-06,10.07,0,0,33
2016-04-07,16.55,1.03,0,49
2016-04-08,14.99,0,0,49
2016-04-09,9.84,0,0,39
2016-04-10,11.86,0,0,39
2016-04-11,16.78,0.01,0,48
2016-04-12,15.88,0.22,0,55
2016-04-13,10.29,0,0,45
2016-04-14,10.51,0,0,43
2016-04-15,11.41,0,0,45
2016-04-16,13.42,0,0,47
2016-04-17,7.61,0,0,46
2016-04-18,8.5,0,0,51
2016-04-19,8.5,0.02,0,47
2016-04-20,12.3,0,0,49
2016-04-21,9.62,0,0,55
2016-04-22,7.83,0,0,65
2016-04-23,8.28,0.09,0,60
2016-04-24,9.62,0,0,48
2016-04-25,4.47,0,0,48
2016-04-26,13.42,0.27,0,45
2016-04-27,9.84,0,0,45
2016-04-28,10.51,0,0,49
2016-04-29,12.3,0,0,47
2016-04-30,10.74,0,0,49
2016-05-01,7.38,0.1,0,48
2016-05-02,8.05,0.39,0,47
2016-05-03,4.92,0.1,0,47
2016-05-04,12.97,0.48,0,46
2016-05-05,16.33,0.15,0,45
2016-05-06,11.41,0.09,0,48
2016-05-07,8.05,0,0,47
2016-05-08,11.86,0.02,0,52
2016-05-09,14.99,0,0,55
2016-05-10,9.4,0,0,57
2016-05-11,7.38,0,0,61
2016-05-12,9.17,0,0,61
2016-05-13,9.17,0.11,0,61
2016-05-14,11.41,0,0,66
2016-05-15,19.46,0,0,58
2016-05-16,19.01,0,0,49
2016-05-17,12.3,0,0,59
2016-05-18,9.4,0,0,57
2016-05-19,6.71,0,0,54
2016-05-20,8.95,0,0,60
2016-05-21,8.5,0,0,64
2016-05-22,6.71,0,0,57
2016-05-23,5.82,0,0,60
2016-05-24,10.29,0.26,0,56
2016-05-25,7.61,0,0,63
2016-05-26,8.05,0,0,72
2016-05-27,6.93,0,0,62
2016-05-28,8.28,0,0,76
2016-05-29,8.5,0,0,65
2016-05-30,7.16,1.13,0,58
2016-05-31,11.41,0,0,76
2016-06-01,9.62,0,0,69
2016-06-02,9.4,0,0,58
2016-06-03,8.05,0,0,60
2016-06-04,6.49,0,0,65
2016-06-05,8.5,0.91,0,64
2016-06-06,10.51,0,0,72
2016-06-07,9.17,0.15,0,74
2016-06-08,15.66,0,0,67
2016-06-09,17.67,0,0,61
2016-06-10,11.18,0,0,62
2016-06-11,6.93,0.02,0,61
2016-06-12,17.22,0,0,68
2016-06-13,16.78,0,0,62
2016-06-14,12.3,0,0,67
2016-06-15,10.07,0,0,74
2016-06-16,6.93,0,0,71
2016-06-17,8.28,0.12,0,66
2016-06-18,9.84,0,0,66
2016-06-19,11.63,0,0,68
2016-06-20,12.75,0,0,71
2016-06-21,12.97,0.02,0,73
2016-06-22,9.62,0,0,72
2016-06-23,8.95,0,0,69
2016-06-24,8.5,0,0,67
2016-06-25,6.26,0,0,66
2016-06-26,9.62,0,0,70
2016-06-27,15.21,0,0,74
2016-06-28,10.51,0.08,0,73
2016-06-29,8.5,0.03,0,74
2016-06-30,9.84,0,0,73
2016-07-01,11.41,0.2,0,76
2016-07-02,12.75,0,0,73
2016-07-03,10.96,0,0,73
2016-07-04,11.86,0,0,77
2016-07-05,5.14,0.23,0,70
2016-07-06,8.95,0,0,78
2016-07-07,8.05,0,0,70
2016-07-08,10.51,0.02,0,63
2016-07-09,9.62,0.11,0,62
2016-07-10,6.26,0.09,0,62
2016-07-11,6.93,0,0,65
2016-07-12,8.95,0,0,75
2016-07-13,12.08,0,0,78
2016-07-14,14.32,0,0,76
2016-07-15,8.5,0,0,81
2016-07-16,8.5,0,0,84
2016-07-17,7.16,0,0,76
2016-07-18,11.86,0.01,0,78
2016-07-19,10.74,0,0,78
2016-07-20,10.29,0,0,74
2016-07-21,9.62,0,0,79
2016-07-22,17.22,0,0,84
2016-07-23,10.74,0,0,83
2016-07-24,7.83,0,0,77
2016-07-25,8.72,0,0,76
2016-07-26,12.53,0,0,84
2016-07-27,9.62,0,0,81
2016-07-28,7.16,0,0,82
2016-07-29,8.5,0.06,0,77
2016-07-30,9.62,0,0,75
2016-07-31,8.95,0.15,0,71
2016-08-01,8.72,0,0,71
2016-08-02,6.93,0.04,0,70
2016-08-03,8.28,0,0,70
2016-08-04,11.41,0,0,74
2016-08-05,12.08,0,0,75
2016-08-06,12.08,0.02,0,77
2016-08-07,9.62,0,0,80
2016-08-08,9.17,0,0,76
2016-08-09,10.96,0,0,75
2016-08-10,11.41,0.23,0,74
2016-08-11,9.84,0,0,83
2016-08-12,13.2,0.01,0,86
2016-08-13,10.29,0.34,0,74
2016-08-14,11.41,0.18,0,80
2016-08-15,9.17,0,0,83
2016-08-16,9.62,0,0,74
2016-08-17,14.99,0,0,81
2016-08-18,7.61,0,0,77
2016-08-19,9.62,0,0,78
2016-08-20,9.17,0,0,74
2016-08-21,10.74,0.01,0,71
2016-08-22,13.87,0.89,0,73
2016-08-23,9.4,0,0,71
2016-08-24,9.17,0,0,74
2016-08-25,14.09,0,0,78
2016-08-26,9.62,0,0,80
2016-08-27,9.17,0,0,78
2016-08-28,10.74,0,0,72
2016-08-29,13.42,0,0,77
2016-08-30,9.17,0,0,71
2016-08-31,11.86,0,0,74
2016-09-01,8.05,0.02,0,74
2016-09-02,10.07,0,0,69
2016-09-03,6.71,0,0,65
2016-09-04,12.3,0,0,65
2016-09-05,18.79,0.07,0,65
2016-09-06,14.09,0.14,0,65
2016-09-07,8.5,0.03,0,69
2016-09-08,7.38,0,0,70
2016-09-09,8.95,0,0,79
2016-09-10,8.72,0.01,0,75
2016-09-11,14.32,0.03,0,76
2016-09-12,8.95,0,0,66
2016-09-13,11.41,0,0,70
2016-09-14,14.09,0.06,0,74
2016-09-15,10.07,0,0,63
2016-09-16,10.51,0,0,62
2016-09-17,11.86,0,0,65
2016-09-18,12.97,0,0,73
2016-09-19,6.26,0.33,0,72
2016-09-20,6.04,0,0,70
2016-09-21,8.28,0,0,75
2016-09-22,7.16,0,0,71
2016-09-23,9.4,0.34,0,70
2016-09-24,10.07,0,0,60
2016-09-25,12.3,0,0,58
2016-09-26,9.4,0,0,56
2016-09-27,5.37,0.22,0,63
2016-09-28,17.67,0,0,59
2016-09-29,18.12,0,0,57
2016-09-30,17.67,0.13,0,58
2016-10-01,14.99,0.71,0,57
2016-10-02,7.61,0.03,0,55
2016-10-03,8.05,0,0,60
2016-10-04,12.53,0,0,59
2016-10-05,7.61,0,0,54
2016-10-06,4.92,0,0,56
2016-10-07,4.7,0,0,60
2016-10-08,5.37,0.01,0,60
2016-10-09,12.97,1.84,0,59
2016-10-10,15.66,0,0,51
2016-10-11,7.38,0,0,51
2016-10-12,7.61,0,0,55
2016-10-13,9.62,0,0,60
2016-10-14,9.62,0,0,54
2016-10-15,8.05,0,0,49
2016-10-16,12.97,0,0,56
2016-10-17,6.71,0,0,66
2016-10-18,8.28,0.14,0,62
2016-10-19,11.63,0,0,71
2016-10-20,12.53,0.08,0,60
2016-10-21,8.05,1.11,0,62
2016-10-22,12.97,0.15,0,61
2016-10-23,19.69,0,0,50
2016-10-24,15.66,0,0,54
2016-10-25,14.32,0,0,46
2016-10-26,12.3,0,0,42
2016-10-27,9.62,0.65,0,40
2016-10-28,18.79,0.61,0,48
2016-10-29,9.84,0,0,47
2016-10-30,9.17,0.13,0,58
2016-10-31,12.3,0,0,47
2016-11-01,7.16,0,0,42
2016-11-02,5.82,0,0,55
2016-11-03,7.61,0.08,0,56
2016-11-04,10.51,0,0,52
2016-11-05,8.05,0,0,45
2016-11-06,11.18,0.09,0,48
2016-11-07,9.17,0,0,42
2016-11-08,4.7,0,0,46
2016-11-09,7.16,0.01,0,52
2016-11-10,11.18,0,0,47
2016-11-11,18.57,0,0,50
2016-11-12,13.42,0,0,41
2016-11-13,10.51,0,0,49
2016-11-14,9.62,0,0,53
2016-11-15,11.18,0.99,0,51
2016-11-16,11.41,0.03,0,53
2016-11-17,11.63,0,0,51
2016-11-18,9.17,0,0,50
2016-11-19,6.71,0,0,48
2016-11-20,17.9,0.08,0,44
2016-11-21,18.12,0,0,34
2016-11-22,17,0,0,36
2016-11-23,13.42,0,0,37
2016-11-24,4.7,0.05,0,37
2016-11-25,4.7,0.03,0,42
2016-11-26,6.93,0,0,42
2016-11-27,13.42,0,0,41
2016-11-28,8.05,0,0,39
2016-11-29,9.62,0.43,0,42
2016-11-30,10.07,0.91,0,48
2016-12-01,15.66,0.31,0,50
2016-12-02,14.32,0,0,45
2016-12-03,15.66,0,0,42
2016-12-04,10.07,0,0,37
2016-12-05,7.83,0.14,0.3,34
2016-12-06,7.61,0,0,39
2016-12-07,7.61,0.08,0,40
2016-12-08,10.96,0,0,39
2016-12-09,16.11,0,0,34
2016-12-10,11.86,0,0,26
2016-12-11,7.38,0.02,0.2,26
2016-12-12,11.18,0.42,0.7,36
2016-12-13,10.51,0,0,38
2016-12-14,11.18,0,0,38
2016-12-15,21.92,0,0,27
2016-12-16,14.09,0,0,13
2016-12-17,7.16,0.53,4.3,26
2016-12-18,17.45,0.11,0,44
2016-12-19,11.41,0,0,27
2016-12-20,8.28,0,0,24
2016-12-21,11.41,0,0,35
2016-12-22,7.83,0.02,0,35
2016-12-23,10.96,0,0,39
2016-12-24,11.63,0.38,0,40
2016-12-25,11.86,0,0,40
2016-12-26,10.29,0.01,0,30
2016-12-27,19.91,0,0,51
2016-12-28,10.74,0,0,39
2016-12-29,11.41,1.16,0.4,35
2016-12-30,17.67,0,0,36
2016-12-31,14.09,0.07,0,31
2017-01-01,14.09,0.07,0,40
2017-01-02,4.47,0,0,35
2017-01-03,18.12,0.89,0,41
2017-01-04,12.53,0.06,0,43
2017-01-05,14.76,0,0,32
2017-01-06,8.05,0.06,1.1,29
2017-01-07,14.32,0.53,7,23
2017-01-08,13.42,0.01,0.2,18
2017-01-09,11.18,0,0,15
2017-01-10,9.4,0.14,0,23
2017-01-11,14.99,0.09,0,45
2017-01-12,14.54,0.15,0,50
2017-01-13,16.33,0,0,49
2017-01-14,9.62,0,0,26
2017-01-15,9.17,0,0,31
2017-01-16,9.62,0,0,31
2017-01-17,11.41,0.3,0,37
2017-01-18,13.87,0.36,0,38
2017-01-19,8.05,0,0,37
2017-01-20,5.37,0,0,38
2017-01-21,7.16,0,0,43
2017-01-22,10.96,0.06,0,44
2017-01-23,25.28,0.31,0,38
2017-01-24,24.38,1.09,0,39
2017-01-25,15.66,0.02,0,38
2017-01-26,13.42,0.05,0,42
2017-01-27,17.67,0,0,41
2017-01-28,15.21,0,0,37
2017-01-29,11.41,0,0,36
2017-01-30,9.84,0,0,33
2017-01-31,7.38,0.06,0.6,25
2017-02-01,10.07,0.05,0.8,32
2017-02-02,13.42,0,0,36
2017-02-03,11.63,0,0,30
2017-02-04,13.2,0,0,27
2017-02-05,13.42,0,0,32
2017-02-06,14.09,0,0,36
2017-02-07,16.55,0.44,1.2,35
2017-02-08,9.17,0.02,0,37
2017-02-09,21.03,1.25,10.9,32
2017-02-10,12.97,0,0,17
2017-02-11,8.95,0.21,3.2,21
2017-02-12,14.54,0.77,1.5,25
2017-02-13,19.91,0.09,2.2,30
2017-02-14,9.62,0,0,27
2017-02-15,6.93,0.22,0.1,32
2017-02-16,16.33,0.07,1.6,33
2017-02-17,13.87,0,0,30
2017-02-18,13.65,0,0,36
2017-02-19,10.74,0,0,49
2017-02-20,11.18,0,0,44
2017-02-21,9.17,0,0,35
2017-02-22,8.05,0,0,43
2017-02-23,12.3,0,0,49
2017-02-24,11.86,0,0,57
2017-02-25,10.96,0.1,0,57
2017-02-26,17.45,0,0,44
2017-02-27,16.78,0,0,40
2017-02-28,7.61,0,0,44
2017-03-01,14.54,0.02,0,53
2017-03-02,21.92,0,0,50
2017-03-03,14.54,0,0.1,31
2017-03-04,19.46,0,0,20
2017-03-05,17.67,0,0,18
2017-03-06,8.05,0,0,25
2017-03-07,9.62,0.02,0,36
2017-03-08,14.32,0.05,0,51
2017-03-09,17.9,0,0,46
2017-03-10,8.28,0.2,2.6,34
2017-03-11,19.46,0.02,0.2,19
2017-03-12,16.55,0,0,17
2017-03-13,10.51,0,0,22
2017-03-14,23.71,1.62,6.6,31
2017-03-15,19.46,0,0,26
2017-03-16,16.11,0,0,26
2017-03-17,9.62,0,0,33
2017-03-18,11.63,0,0,32
2017-03-19,16.11,0.01,0,34
2017-03-20,11.41,0,0,40
2017-03-21,8.95,0,0,45
2017-03-22,20.8,0,0,38
2017-03-23,13.42,0,0,25
2017-03-24,10.51,0.03,0,35
2017-03-25,6.93,0.08,0,42
2017-03-26,11.41,0,0,36
2017-03-27,8.5,0.48,0,39
2017-03-28,6.71,0.72,0,38
2017-03-29,13.42,0.06,0,40
2017-03-30,10.51,0,0,40
2017-03-31,12.53,0.87,0.6,37
2017-04-01,19.69,1.56,1.2,35
2017-04-02,9.4,0,0,41
2017-04-03,8.95,0,0,47
2017-04-04,16.55,0.68,0,42
2017-04-05,8.28,0,0,40
2017-04-06,14.32,1.36,0,39
2017-04-07,16.78,0,0,48
2017-04-08,16.11,0,0,43
2017-04-09,9.62,0,0,51
2017-04-10,12.3,0,0,59
2017-04-11,11.18,0,0,64
2017-04-12,7.83,0.02,0,55
2017-04-13,11.18,0,0,53
2017-04-14,9.4,0,0,51
2017-04-15,15.88,0,0,54
2017-04-16,17.67,0,0,69
2017-04-17,14.32,0,0,70
2017-04-18,13.42,0,0,49
2017-04-19,12.53,0.07,0,45
2017-04-20,10.07,0.01,0,48
2017-04-21,14.32,0.51,0,45
2017-04-22,8.95,0.05,0,44
2017-04-23,11.86,0,0,47
2017-04-24,8.5,0,0,53
2017-04-25,15.88,0.89,0,49
2017-04-26,10.07,0.56,0,50
2017-04-27,6.71,0,0,53
2017-04-28,7.61,0.01,0,63
2017-04-29,13.2,0,0,73
2017-04-30,11.63,0.01,0,55
2017-05-01,9.17,0,0,47
2017-05-02,8.05,0.19,0,49
2017-05-03,14.76,0,0,56
2017-05-04,11.86,0,0,51
2017-05-05,11.41,0.64,0,49
2017-05-06,10.74,0.1,0,56
2017-05-07,15.66,0,0,58
2017-05-08,13.42,0,0,50
2017-05-09,7.38,0,0,47
2017-05-10,9.17,0,0,50
2017-05-11,10.29,0,0,51
2017-05-12,8.28,0.01,0,49
2017-05-13,11.86,0.02,0,49
2017-05-14,17.9,0.95,0,48
2017-05-15,14.32,0.07,0,51
2017-05-16,12.3,0,0,65
2017-05-17,10.74,0,0,75
2017-05-18,14.76,0.05,0,84
2017-05-19,15.88,0.01,0,80
2017-05-20,10.96,0,0,58
2017-05-21,10.51,0,0,56
2017-05-22,8.05,0.12,0,54
2017-05-23,6.49,0,0,57
2017-05-24,5.82,0,0,59
2017-05-25,14.99,0.63,0,53
2017-05-26,10.29,0.55,0,53
2017-05-27,9.17,0,0,56
2017-05-28,8.05,0,0,58
2017-05-29,10.51,0.05,0,53
2017-05-30,7.16,0,0,51
2017-05-31,7.83,0.06,0,59
2017-06-01,9.84,0.16,0,67
2017-06-02,13.65,0.01,0,65
2017-06-03,10.51,0,0,61
2017-06-04,9.84,0.18,0,62
2017-06-05,15.88,0.59,0,56
2017-06-06,16.78,0.8,0,50
2017-06-07,8.05,0.04,0,54
2017-06-08,7.61,0,0,61
2017-06-09,10.07,0,0,63
2017-06-10,11.41,0,0,73
2017-06-11,14.32,0,0,79
2017-06-12,10.96,0,0,84
2017-06-13,10.51,0.53,0,85
2017-06-14,10.51,0,0,71
2017-06-15,11.63,0,0,64
2017-06-16,10.29,2.13,0,64
2017-06-17,4.92,0.02,0,61
2017-06-18,13.2,0,0,72
2017-06-19,15.88,0.03,0,75
2017-06-20,13.87,0.13,0,76
2017-06-21,12.75,0,0,76
2017-06-22,8.28,0,0,74
2017-06-23,12.08,0,0,76
2017-06-24,12.97,0.08,0,76
2017-06-25,10.51,0,0,77
2017-06-26,11.41,0,0,71
2017-06-27,9.62,0.08,0,68
2017-06-28,10.96,0,0,67
2017-06-29,12.53,0,0,71
2017-06-30,13.42,0.07,0,74
2017-07-01,13.87,0.11,0,76
2017-07-02,11.41,0,0,79
2017-07-03,12.97,0,0,80
2017-07-04,6.26,0,0,76
2017-07-05,8.5,0,0,71
2017-07-06,9.62,0,0,71
2017-07-07,8.28,0.3,0,67
2017-07-08,9.17,0.4,0,71
2017-07-09,11.86,0,0,74
2017-07-10,12.53,0,0,77
2017-07-11,8.05,0.17,0,73
2017-07-12,7.61,1.33,0,76
2017-07-13,10.51,0.14,0,66
2017-07-14,7.38,0,0,62
2017-07-15,6.71,0,0,66
2017-07-16,9.62,0,0,74
2017-07-17,8.5,0,0,76
2017-07-18,7.83,0.12,0,74
2017-07-19,8.95,0,0,79
2017-07-20,7.61,0,0,84
2017-07-21,10.29,0,0,81
2017-07-22,7.61,0,0,78
2017-07-23,11.63,0,0,71
2017-07-24,13.65,1.41,0,62
2017-07-25,8.28,0.01,0,60
2017-07-26,8.28,0,0,67
2017-07-27,12.3,0.04,0,67
2017-07-28,7.83,0,0,72
2017-07-29,13.87,0,0,68
2017-07-30,10.07,0,0,66
2017-07-31,8.5,0,0,70
2017-08-01,7.61,0,0,74
2017-08-02,8.5,0.96,0,74
2017-08-03,10.07,0,0,74
2017-08-04,10.07,0,0,75
2017-08-05,9.84,0.16,0,72
2017-08-06,14.09,0,0,71
2017-08-07,9.62,0,0,71
2017-08-08,8.28,0,0,67
2017-08-09,8.5,0,0,73
2017-08-10,8.5,0,0,74
2017-08-11,9.62,0,0,71
2017-08-12,8.95,0.1,0,68
2017-08-13,10.07,0,0,76
2017-08-14,5.82,0,0,72
2017-08-15,8.95,0,0,73
2017-08-16,10.51,0,0,75
2017-08-17,7.83,0,0,73
2017-08-18,10.74,0.24,0,72
2017-08-19,6.26,0.01,0,70
2017-08-20,10.74,0,0,75
2017-08-21,9.62,0,0,77
2017-08-22,12.75,0,0,79
2017-08-23,12.3,0.04,0,78
2017-08-24,7.83,0,0,72
2017-08-25,7.83,0,0,68
2017-08-26,7.61,0,0,67
2017-08-27,7.61,0,0,65
2017-08-28,6.71,0,0,65
2017-08-29,7.38,0,0,63
2017-08-30,9.17,0.07,0,65
2017-08-31,12.08,0,0,68
2017-09-01,14.76,0,0,62
2017-09-02,9.84,0,0,60
2017-09-03,12.97,0.28,0,60
2017-09-04,13.87,0,0,66
2017-09-05,17,0,0,74
2017-09-06,8.28,0.22,0,70
2017-09-07,10.74,0.6,0,66
2017-09-08,10.29,0,0,65
2017-09-09,8.28,0.01,0,62
2017-09-10,8.72,0,0,62
2017-09-11,9.84,0,0,66
2017-09-12,8.5,0,0,72
2017-09-13,8.5,0.03,0,71
2017-09-14,11.18,0.33,0,74
2017-09-15,6.93,0.21,0,71
2017-09-16,4.25,0,0,67
2017-09-17,4.47,0,0,65
2017-09-18,6.71,0,0,65
2017-09-19,13.65,0.04,0,64
2017-09-20,20.13,0.27,0,66
2017-09-21,23.04,0,0,70
2017-09-22,22.15,0.16,0,61
2017-09-23,8.95,0.03,0,64
2017-09-24,3.13,0,0,68
2017-09-25,4.7,0,0,71
2017-09-26,4.92,0,0,69
2017-09-27,8.5,0,0,74
2017-09-28,13.2,0,0,75
2017-09-29,9.4,0,0,59
2017-09-30,10.51,1.55,0,56
2017-10-01,8.28,0,0,55
2017-10-02,8.5,0,0,59
2017-10-03,8.95,0,0,58
2017-10-04,15.88,0,0,62
2017-10-05,10.74,0,0,70
2017-10-06,6.26,0,0,69
2017-10-07,8.95,0,0,66
2017-10-08,13.87,0.11,0,71
2017-10-09,10.96,0.27,0,71
2017-10-10,10.74,0,0,74
2017-10-11,10.29,0.01,0,65
2017-10-12,13.65,0,0,56
2017-10-13,10.51,0,0,55
2017-10-14,3.13,0.1,0,60
2017-10-15,13.42,0,0,65
2017-10-16,13.65,0,0,63
2017-10-17,10.29,0,0,48
2017-10-18,9.4,0,0,57
2017-10-19,13.2,0,0,61
2017-10-20,12.3,0,0,63
2017-10-21,6.71,0,0,64
2017-10-22,4.7,0,0,61
2017-10-23,4.03,0,0,56
2017-10-24,18.57,0.07,0,66
2017-10-25,8.5,1.29,0,67
2017-10-26,12.75,0.35,0,59
2017-10-27,10.96,0,0,53
2017-10-28,8.72,0,0,56
2017-10-29,16.78,1,0,58
2017-10-30,22.82,0.94,0,59
2017-10-31,12.97,0,0,53
2017-11-01,6.49,0,0,48
2017-11-02,9.17,0,0,59
2017-11-03,14.76,0.01,0,64
2017-11-04,10.51,0,0,51
2017-11-05,10.29,0,0,52
2017-11-06,13.42,0.08,0,61
2017-11-07,10.29,0.13,0,47
2017-11-08,11.63,0.03,0,40
2017-11-09,7.38,0,0,41
2017-11-10,18.34,0.02,0,41
2017-11-11,9.62,0,0,28
2017-11-12,3.8,0,0,35
2017-11-13,9.17,0.13,0,40
2017-11-14,9.84,0,0,39
2017-11-15,8.05,0,0,39
2017-11-16,10.07,0.19,0,44
2017-11-17,16.11,0,0,42
2017-11-18,6.71,0.09,0,38
2017-11-19,18.34,0.23,0,52
2017-11-20,16.11,0,0,38
2017-11-21,14.32,0,0,45
2017-11-22,11.18,0.89,0,49
2017-11-23,9.17,0,0,38
2017-11-24,9.17,0,0,39
2017-11-25,10.74,0,0,46
2017-11-26,15.43,0,0,48
2017-11-27,12.97,0,0,39
2017-11-28,9.17,0,0,31
2017-11-29,16.55,0,0,50
2017-11-30,7.83,0,0,39
2017-12-01,10.29,0.09,0,46
2017-12-02,5.14,0,0,39
2017-12-03,4.92,0,0,39
2017-12-04,7.16,0,0,39
2017-12-05,15.88,0.08,0,41
2017-12-06,14.09,0.46,0,51
2017-12-07,11.41,0,0,39
2017-12-08,9.62,0,0,37
2017-12-09,7.61,0.66,5.8,35
2017-12-10,12.3,0.03,0.3,33
2017-12-11,9.4,0,0,34
2017-12-12,11.41,0.04,0,39
2017-12-13,21.03,0,0,28
2017-12-14,14.76,0,0,24
2017-12-15,7.38,0,0,22
2017-12-16,13.65,0,0,27
2017-12-17,9.62,0,0,25
2017-12-18,3.58,0,0,27
2017-12-19,11.41,0,0,40
2017-12-20,15.66,0,0,43
2017-12-21,10.07,0,0,31
2017-12-22,8.95,0.1,0.1,27
2017-12-23,7.83,0.58,0,30
2017-12-24,11.18,0,0,36
2017-12-25,19.01,0.44,2.9,33
2017-12-26,15.21,0,0,26
2017-12-27,13.42,0,0,18
2017-12-28,17.22,0,0,10
2017-12-29,11.63,0,0,6
2017-12-30,8.5,0.01,0.1,11
2017-12-31,15.43,0,0,12
2018-01-01,16.33,0,0,6
2018-01-02,12.75,0,0,10
2018-01-03,9.4,0,0,21
2018-01-04,22.59,1.35,13.4,26
2018-01-05,24.83,0,0,18
2018-01-06,21.92,0,0,8
2018-01-07,16.11,0,0,5
2018-01-08,16.78,0,0,24
2018-01-09,13.87,0,0,35
2018-01-10,7.38,0,0,31
2018-01-11,11.18,0,0,39
2018-01-12,14.76,0.62,0,50
2018-01-13,20.13,1.24,0,50
2018-01-14,11.63,0,0,19
2018-01-15,13.65,0,0.3,16
2018-01-16,5.14,0,0,24
2018-01-17,6.49,0.21,1.7,32
2018-01-18,11.18,0,0,28
2018-01-19,9.62,0,0,28
2018-01-20,14.32,0,0,37
2018-01-21,6.04,0,0,42
2018-01-22,4.92,0.06,0,36
2018-01-23,9.17,1.26,0,38
2018-01-24,14.54,0,0,38
2018-01-25,16.11,0,0,26
2018-01-26,11.41,0,0,25
2018-01-27,16.33,0,0,36
2018-01-28,10.29,0.03,0,49
2018-01-29,15.88,0,0.1,38
2018-01-30,15.21,0.15,2.3,27
2018-01-31,13.2,0,0,24
2018-02-01,13.42,0.04,0,35
2018-02-02,17.45,0.25,0.1,32
2018-02-03,12.97,0,0,17
2018-02-04,10.74,0.29,0,32
2018-02-05,13.42,0.36,0,40
2018-02-06,8.28,0,0,27
2018-02-07,7.38,0.65,2.1,30
2018-02-08,13.42,0,0,30
2018-02-09,11.41,0,0,27
2018-02-10,8.5,0.16,0,39
2018-02-11,7.16,0.69,0,43
2018-02-12,10.51,0,0,41
2018-02-13,10.07,0,0,30
2018-02-14,11.18,0,0,35
2018-02-15,8.5,0,0,42
2018-02-16,10.96,0.02,0,49
2018-02-17,11.63,0.17,1.9,33
2018-02-18,10.29,0.35,3.7,36
2018-02-19,12.53,0.06,0,38
2018-02-20,10.74,0.01,0,55
2018-02-21,14.32,0,0,56
2018-02-22,9.62,0.08,0.5,46
2018-02-23,9.17,0.12,0,35
2018-02-24,10.29,0,0,45
2018-02-25,14.32,0.51,0,40
2018-02-26,10.51,0,0,43
2018-02-27,9.4,0,0,44
2018-02-28,12.08,0.01,0,47
2018-03-01,9.84,0,0,47
2018-03-02,38.03,2.3,0,40
2018-03-03,25.5,0,0,40
2018-03-04,14.99,0,0,39
2018-03-05,17.67,0.05,0.6,37
2018-03-06,8.72,0,0,35
2018-03-07,22.82,0.55,2.5,36
2018-03-08,15.66,0.71,3.9,34
2018-03-09,12.75,0,0,34
2018-03-10,17.9,0,0,36
2018-03-11,12.3,0,0,37
2018-03-12,13.87,0,0,37
2018-03-13,25.05,1.15,14.5,33
2018-03-14,18.12,0.03,0.3,33
2018-03-15,17.67,0.01,0.1,36
2018-03-16,17.67,0,0,35
2018-03-17,18.34,0,0,31
2018-03-18,14.09,0,0,23
2018-03-19,14.32,0,0,28
2018-03-20,8.72,0,0,31
2018-03-21,19.69,0,0,34
2018-03-22,13.42,0.09,1.3,36
2018-03-23,9.62,0,0,38
2018-03-24,8.95,0.01,0,40
2018-03-25,14.32,0.07,0.1,36
2018-03-26,11.86,0,0,35
2018-03-27,8.5,0,0,35
2018-03-28,5.82,0.01,0,41
2018-03-29,5.37,0.01,0,43
2018-03-30,11.86,0.08,0,52
2018-03-31,14.32,0,0,47
2018-04-01,17.9,0,0,48
2018-04-02,5.82,0.11,0.7,37
2018-04-03,10.07,0.47,0,38
2018-04-04,12.97,0.2,0,44
2018-04-05,21.7,0,0,38
2018-04-06,10.96,0.21,0.6,34
2018-04-07,12.08,0.01,0,41
2018-04-08,13.42,0,0,37
2018-04-09,11.63,0,0,37
2018-04-10,3.58,0,0,38
2018-04-11,10.96,0,0,37
2018-04-12,11.63,0.06,0,43
2018-04-13,9.4,0,0,55
2018-04-14,13.2,0,0,47
2018-04-15,22.37,0.04,0,36
2018-04-16,19.69,1.57,0,40
2018-04-17,15.43,0,0,47
2018-04-18,14.54,0,0,44
2018-04-19,8.28,0.23,0,42
2018-04-20,16.11,0,0,44
2018-04-21,11.41,0,0,47
2018-04-22,8.95,0,0,51
2018-04-23,10.51,0,0,50
2018-04-24,12.3,0,0,54
2018-04-25,9.17,0.72,0,50
2018-04-26,11.63,0.21,0,57
2018-04-27,7.61,0.54,0,52
2018-04-28,7.83,0,0,53
2018-04-29,10.29,0.05,0,55
2018-04-30,6.71,0.2,0,45
2018-05-01,8.05,0,0,51
2018-05-02,13.65,0,0,71
2018-05-03,9.62,0.09,0,74
2018-05-04,12.08,0,0,69
2018-05-05,14.54,0,0,69
2018-05-06,7.38,0.19,0,62
2018-05-07,8.95,0,0,53
2018-05-08,8.05,0,0,50
2018-05-09,8.95,0,0,55
2018-05-10,9.84,0,0,52
2018-05-11,9.62,0,0,63
2018-05-12,7.61,0.21,0,51
2018-05-13,8.72,0,0,50
2018-05-14,8.72,0,0,56
2018-05-15,10.51,1,0,66
2018-05-16,9.4,0,0,56
2018-05-17,5.14,0,0,58
2018-05-18,14.32,0,0,58
2018-05-19,8.05,0.2,0,50
2018-05-20,11.63,0.08,0,65
2018-05-21,8.5,0,0,67
2018-05-22,6.71,0.03,0,62
2018-05-23,9.62,0.02,0,63
2018-05-24,11.86,0,0,61
2018-05-25,14.99,0,0,70
2018-05-26,11.63,0,0,78
2018-05-27,16.11,0.02,0,57
2018-05-28,7.83,0.06,0,52
2018-05-29,9.4,0,0,67
2018-05-30,8.5,0,0,65
2018-05-31,10.07,0,0,66
2018-06-01,8.05,0.01,0,70
2018-06-02,8.5,0.01,0,73
2018-06-03,13.2,0,0,58
2018-06-04,14.54,0.62,0,52
2018-06-05,7.38,0.34,0,53
2018-06-06,9.4,0,0,56
2018-06-07,11.41,0,0,61
2018-06-08,6.71,0,0,65
2018-06-09,7.83,0,0,72
2018-06-10,10.07,0,0,68
2018-06-11,10.51,0,0,62
2018-06-12,17.9,0,0,65
2018-06-13,15.88,0,0,67
2018-06-14,14.76,0,0,73
2018-06-15,8.05,0,0,59
2018-06-16,7.61,0,0,70
2018-06-17,7.61,0,0,69
2018-06-18,16.33,0.13,0,75
2018-06-19,12.75,0.01,0,77
2018-06-20,8.05,0,0,73
2018-06-21,7.61,0,0,73
2018-06-22,10.29,0,0,66
2018-06-23,9.4,0,0,63
2018-06-24,5.82,0.26,0,65
2018-06-25,9.17,0.33,0,68
2018-06-26,12.3,0,0,67
2018-06-27,12.75,0.09,0,71
2018-06-28,8.28,1.16,0,71
2018-06-29,7.83,0,0,78
2018-06-30,7.61,0,0,81
2018-07-01,8.05,0,0,82
2018-07-02,8.5,0,0,73
2018-07-03,9.4,0.01,0,84
2018-07-04,6.26,0,0,84
2018-07-05,11.63,0,0,84
2018-07-06,16.55,0.35,0,81
2018-07-07,9.84,0,0,70
2018-07-08,9.17,0,0,71
2018-07-09,11.41,0,0,77
2018-07-10,9.62,0,0,81
2018-07-11,10.96,0.19,0,74
2018-07-12,9.4,0,0,70
2018-07-13,11.63,0,0,70
2018-07-14,8.72,0.31,0,69
2018-07-15,6.49,0.01,0,72
2018-07-16,6.71,0,0,70
2018-07-17,11.41,2.68,0,77
2018-07-18,10.29,0.06,0,76
2018-07-19,9.62,0,0,72
2018-07-20,9.62,0,0,72
2018-07-21,8.72,0,0,69
2018-07-22,10.74,0.17,0,71
2018-07-23,12.53,0.03,0,78
2018-07-24,10.51,0,0,80
2018-07-25,12.97,0.14,0,79
2018-07-26,12.08,0.6,0,78
2018-07-27,8.5,0,0,79
2018-07-28,9.4,0,0,79
2018-07-29,8.72,0,0,79
2018-07-30,8.5,0,0,76
2018-07-31,8.05,0,0,75
2018-08-01,9.84,0,0,75
2018-08-02,13.2,0,0,84
2018-08-03,10.51,0.06,0,83
2018-08-04,9.17,0.64,0,78
2018-08-05,6.26,0,0,78
2018-08-06,8.05,0,0,84
2018-08-07,11.63,0,0,86
2018-08-08,6.93,0.98,0,80
2018-08-09,9.17,0.06,0,80
2018-08-10,7.16,0,0,79
2018-08-11,7.16,0.39,0,71
2018-08-12,8.5,1.38,0,70
2018-08-13,9.62,0.29,0,70
2018-08-14,6.04,0.01,0,72
2018-08-15,6.49,0,0,77
2018-08-16,9.17,0,0,84
2018-08-17,8.05,0.2,0,75
2018-08-18,11.63,0.13,0,78
2018-08-19,15.21,0.01,0,70
2018-08-20,11.18,0,0,70
2018-08-21,8.72,0,0,68
2018-08-22,8.95,0.5,0,72
2018-08-23,10.51,0,0,73
2018-08-24,7.83,0,0,73
2018-08-25,8.95,0,0,74
2018-08-26,9.84,0,0,73
2018-08-27,9.17,0,0,80
2018-08-28,10.96,0,0,85
2018-08-29,11.41,0,0,89
2018-08-30,11.18,0,0,83
2018-08-31,10.96,0,0,71
2018-09-01,7.38,0,0,68
2018-09-02,8.95,0,0,72
2018-09-03,10.51,0,0,81
2018-09-04,9.62,0,0,83
2018-09-05,9.84,0,0,79
2018-09-06,10.07,0.03,0,81
2018-09-07,8.5,0,0,71
2018-09-08,9.62,0,0,67
2018-09-09,13.65,0,0,61
2018-09-10,17.9,0.76,0,64
2018-09-11,6.04,0.53,0,67
2018-09-12,7.61,0.26,0,69
2018-09-13,4.92,0.44,0,68
2018-09-14,5.37,0,0,69
2018-09-15,5.14,0,0,67
2018-09-16,6.93,0,0,71
2018-09-17,10.51,0,0,74
2018-09-18,5.82,1.15,0,73
2018-09-19,11.63,0,0,66
2018-09-20,11.18,0,0,63
2018-09-21,12.3,0,0,65
2018-09-22,12.75,0.03,0,69
2018-09-23,5.82,0,0,59
2018-09-24,15.43,0,0,58
2018-09-25,14.99,1.24,0,60
2018-09-26,12.75,0.28,0,74
2018-09-27,10.74,0.05,0,68
2018-09-28,8.95,0.35,0,60
2018-09-29,7.61,0,0,63
2018-09-30,7.16,0,0,62
2018-10-01,8.95,0.06,0,62
2018-10-02,7.83,0.29,0,58
2018-10-03,5.37,0.21,0,59
2018-10-04,10.96,0,0,65
2018-10-05,10.74,0,0,62
2018-10-06,7.61,0,0,56
2018-10-07,10.51,0.1,0,67
2018-10-08,9.4,0,0,58
2018-10-09,12.3,0,0,67
2018-10-10,12.3,0,0,75
2018-10-11,7.83,0.6,0,65
2018-10-12,11.18,0.09,0,59
2018-10-13,9.4,0.13,0,52
2018-10-14,10.07,0,0,51
2018-10-15,12.3,0.07,0,54
2018-10-16,14.09,0.03,0,57
2018-10-17,14.09,0,0,52
2018-10-18,15.43,0,0,45
2018-10-19,13.87,0,0,48
2018-10-20,13.2,0,0,59
2018-10-21,14.76,0.03,0,49
2018-10-22,8.95,0,0,43
2018-10-23,8.5,0.41,0,49
2018-10-24,11.18,0.04,0,46
2018-10-25,13.42,0,0,44
2018-10-26,8.28,0,0,40
2018-10-27,24.61,1.17,0,47
2018-10-28,8.72,0.03,0,49
2018-10-29,9.62,0.52,0,52
2018-10-30,12.53,0,0,47
2018-10-31,9.4,0,0,45
2018-11-01,6.71,0.01,0,58
2018-11-02,12.75,0.36,0,61
2018-11-03,18.12,1.39,0,60
2018-11-04,9.84,0,0,49
2018-11-05,13.65,0.36,0,49
2018-11-06,8.95,0.78,0,51
2018-11-07,12.75,0,0,59
2018-11-08,10.74,0,0,52
2018-11-09,14.76,1.1,0,46
2018-11-10,17,0.45,0,48
2018-11-11,13.2,0,0,40
2018-11-12,6.93,0,0,41
2018-11-13,13.87,1.1,0,48
2018-11-14,17,0,0,38
2018-11-15,9.84,0.46,0.1,27
2018-11-16,20.8,0.57,0,38
2018-11-17,12.75,0,0,42
2018-11-18,6.71,0,0,41
2018-11-19,5.59,0.17,0,39
2018-11-20,10.07,0.4,0,39
2018-11-21,15.88,0,0,37
2018-11-22,18.57,0,0,21
2018-11-23,12.3,0,0,21
2018-11-24,10.51,0,0,35
2018-11-25,8.95,0.78,0,45
2018-11-26,13.42,0.87,0,45
2018-11-27,17,0.46,0,45
2018-11-28,15.21,0,0,40
2018-11-29,15.66,0,0,42
2018-11-30,6.71,0,0,38
2018-12-01,6.71,0,0,39
2018-12-02,8.05,0.75,0,44
2018-12-03,10.51,0,0,50
2018-12-04,15.66,0,0,40
2018-12-05,6.93,0,0,29
2018-12-06,10.96,0,0,35
2018-12-07,13.42,0,0,37
2018-12-08,10.51,0,0,26
2018-12-09,9.4,0,0,29
2018-12-10,8.95,0,0,33
2018-12-11,6.71,0,0,30
2018-12-12,12.3,0,0,34
2018-12-13,6.04,0,0,27
2018-12-14,5.82,0,0,36
2018-12-15,9.17,0,0,48
2018-12-16,17.9,0.54,0,44
2018-12-17,14.54,0.04,0,40
2018-12-18,20.8,0.02,0.1,33
2018-12-19,9.84,0,0,31
2018-12-20,8.05,0,0,39
2018-12-21,14.76,0.61,0,52
2018-12-22,17.22,0.02,0,52
2018-12-23,12.08,0,0,38
2018-12-24,7.61,0,0,35
2018-12-25,10.74,0,0,36
2018-12-26,10.51,0,0,32
2018-12-27,9.17,0,0,34
2018-12-28,11.41,0.33,0,41
2018-12-29,13.2,0,0,49
2018-12-30,6.26,0,0,32
2018-12-31,10.51,0.41,0,36
2019-01-01,15.88,0.38,0,47
2019-01-02,9.4,0,0,33
2019-01-03,10.51,0.02,0,38
2019-01-04,11.18,0,0,40
2019-01-05,9.17,0.53,0,41
2019-01-06,14.32,0,0,40
2019-01-07,11.63,0,0,26
2019-01-08,7.61,0.02,0,34
2019-01-09,15.66,0.13,0,40
2019-01-10,16.11,0,0,36
2019-01-11,18.12,0,0,27
2019-01-12,14.76,0,0,20
2019-01-13,8.28,0,0,22
2019-01-14,8.72,0,0,26
2019-01-15,7.38,0,0,30
2019-01-16,11.63,0,0,32
2019-01-17,9.62,0,0,27
2019-01-18,6.71,0,0,32
2019-01-19,12.08,0.13,0.5,33
2019-01-20,17.9,1.2,1.1,30
2019-01-21,20.13,0,0,9
2019-01-22,14.09,0,0,14
2019-01-23,13.65,0,0,29
2019-01-24,23.71,1,0,52
2019-01-25,13.65,0,0,39
2019-01-26,8.5,0,0,30
2019-01-27,13.2,0,0,35
2019-01-28,10.07,0,0,34
2019-01-29,12.53,0.05,0,28
2019-01-30,15.88,0.16,0.5,33
2019-01-31,17.22,0,0,12
2019-02-01,13.2,0,0,16
2019-02-02,12.75,0,0,22
2019-02-03,6.26,0,0,34
2019-02-04,9.4,0,0,45
2019-02-05,12.08,0,0,51
2019-02-06,10.07,0.37,0,40
2019-02-07,9.62,0.21,0,38
2019-02-08,13.2,0.07,0,43
2019-02-09,19.69,0,0,31
2019-02-10,12.3,0,0,30
2019-02-11,10.51,0,0,32
2019-02-12,14.09,0.91,2.4,26
2019-02-13,13.42,0.28,0.1,38
2019-02-14,13.65,0,0,35
2019-02-15,11.41,0.1,0,40
2019-02-16,12.08,0,0,43
2019-02-17,9.62,0,0,30
2019-02-18,10.29,0.31,3.6,30
2019-02-19,13.42,0,0,25
2019-02-20,8.05,0.1,0.8,26
2019-02-21,10.29,0.42,1.3,34
2019-02-22,8.95,0,0,42
2019-02-23,6.49,0,0,35
2019-02-24,13.87,0.48,0,39
2019-02-25,23.04,0,0,39
2019-02-26,20.13,0,0,29
2019-02-27,9.62,0.05,1.2,20
2019-02-28,8.5,0.15,2.2,24
2019-03-01,6.71,0,0,29
2019-03-02,10.07,0.18,2,33
2019-03-03,8.5,0.09,0.7,35
2019-03-04,13.2,0.97,9.9,36
2019-03-05,10.51,0,0,26
2019-03-06,16.11,0,0,24
2019-03-07,13.87,0,0,21
2019-03-08,10.96,0,0,27
2019-03-09,6.93,0,0,34
2019-03-10,12.75,0.46,0.9,35
2019-03-11,14.54,0,0,43
2019-03-12,13.87,0,0,40
2019-03-13,7.83,0,0,36
2019-03-14,7.38,0,0,41
2019-03-15,12.97,0.2,0,52
2019-03-16,18.79,0,0,50
2019-03-17,14.09,0,0,38
2019-03-18,10.29,0,0,36
2019-03-19,7.83,0,0,39
2019-03-20,10.51,0,0,40
2019-03-21,10.74,0,0,43
2019-03-22,21.03,0.88,0,41
2019-03-23,21.7,0.04,0,41
2019-03-24,13.2,0,0,44
2019-03-25,10.29,0,0,47
2019-03-26,10.07,0,0,37
2019-03-27,10.74,0,0,36
2019-03-28,15.21,0.01,0,41
2019-03-29,11.41,0.03,0,49
2019-03-30,11.63,0,0,51
2019-03-31,17,0.09,0,58
2019-04-01,16.11,0,0,42
2019-04-02,10.51,0.05,0,42
2019-04-03,18.12,0.4,0,47
2019-04-04,17.67,0,0,46
2019-04-05,10.51,0.13,0,40
2019-04-06,7.38,0.09,0,47
2019-04-07,8.28,0,0,55
2019-04-08,11.63,0.31,0,47
2019-04-09,9.84,0.06,0,38
2019-04-10,13.65,0.01,0,42
2019-04-11,9.84,0,0,42
2019-04-12,8.5,0.11,0,47
2019-04-13,14.09,0.28,0,62
2019-04-14,7.61,0.04,0,59
2019-04-15,16.11,0.72,0,56
2019-04-16,18.34,0,0,50
2019-04-17,12.08,0,0,51
2019-04-18,10.96,0,0,48
2019-04-19,22.82,0.02,0,67
2019-04-20,17.9,0.17,0,68
2019-04-21,8.5,0.03,0,61
2019-04-22,11.63,2.3,0,55
2019-04-23,11.63,0.21,0,51
2019-04-24,9.62,0.04,0,55
2019-04-25,10.51,0,0,51
2019-04-26,14.99,0.74,0,49
2019-04-27,17.9,0.66,0,50
2019-04-28,10.51,0.01,0,49
2019-04-29,9.4,0,0,52
2019-04-30,7.61,0.14,0,49
2019-05-01,6.26,0,0,51
2019-05-02,9.62,0.06,0,48
2019-05-03,6.71,0.11,0,48
2019-05-04,5.82,0.14,0,52
2019-05-05,6.49,0.01,0,50
2019-05-06,10.96,0,0,52
2019-05-07,10.96,0.08,0,58
2019-05-08,9.17,0,0,58
2019-05-09,10.74,0,0,52
2019-05-10,11.63,0.01,0,55
2019-05-11,10.96,0,0,64
2019-05-12,6.49,0.39,0,51
2019-05-13,15.88,0.82,0,49
2019-05-14,11.63,0.15,0,45
2019-05-15,9.17,0.01,0,51
2019-05-16,6.49,0,0,57
2019-05-17,5.37,0.24,0,55
2019-05-18,11.41,0,0,62
2019-05-19,14.54,0.22,0,60
2019-05-20,14.32,0.13,0,73
2019-05-21,18.57,0,0,67
2019-05-22,13.87,0,0,61
2019-05-23,14.99,0.12,0,61
2019-05-24,15.43,0,0,65
2019-05-25,12.3,0.03,0,61
2019-05-26,11.86,0.23,0,71
2019-05-27,9.62,0,0,69
2019-05-28,12.3,0.3,0,58
2019-05-29,9.17,0,0,52
2019-05-30,7.61,0.23,0,56
2019-05-31,9.17,0.07,0,63
2019-06-01,8.28,0,0,60
2019-06-02,8.28,0.04,0,56
2019-06-03,15.43,0.04,0,64
2019-06-04,9.62,0,0,63
2019-06-05,12.3,0.05,0,71
2019-06-06,9.84,0.01,0,70
2019-06-07,8.5,0,0,68
2019-06-08,10.07,0,0,68
2019-06-09,9.84,0,0,67
2019-06-10,10.29,0.14,0,66
2019-06-11,11.86,0.53,0,70
2019-06-12,11.63,0,0,68
2019-06-13,11.41,0.63,0,59
2019-06-14,14.32,0,0,63
2019-06-15,15.21,0,0,72
2019-06-16,7.61,0.11,0,69
2019-06-17,8.5,0,0,69
2019-06-18,5.59,0.1,0,67
2019-06-19,7.61,0,0,64
2019-06-20,6.71,0.37,0,66
2019-06-21,10.29,1.19,0,68
2019-06-22,12.3,0,0,72
2019-06-23,12.97,0,0,74
2019-06-24,10.29,0,0,75
2019-06-25,6.93,0.13,0,67
2019-06-26,6.71,0,0,69
2019-06-27,6.71,0,0,65
2019-06-28,6.93,0,0,71
2019-06-29,6.26,1.65,0,77
2019-06-30,10.51,0.16,0,73
2019-07-01,8.95,0,0,71
2019-07-02,9.4,0,0,79
2019-07-03,7.83,0,0,80
2019-07-04,5.82,0,0,79
2019-07-05,9.84,0,0,81
2019-07-06,11.41,1.37,0,82
2019-07-07,10.29,0,0,73
2019-07-08,7.83,0,0,71
2019-07-09,8.5,0,0,78
2019-07-10,7.61,0,0,80
2019-07-11,10.51,0.02,0,77
2019-07-12,5.82,0.81,0,74
2019-07-13,9.4,0,0,78
2019-07-14,10.51,0,0,83
2019-07-15,10.96,0,0,79
2019-07-16,8.95,0,0,80
2019-07-17,10.29,0.43,0,83
2019-07-18,9.84,0.04,0,73
2019-07-19,9.4,0,0,75
2019-07-20,9.84,0,0,89
2019-07-21,13.87,0,0,90
2019-07-22,11.41,0.85,0,81
2019-07-23,11.18,1.03,0,67
2019-07-24,5.14,0,0,71
2019-07-25,8.72,0,0,73
2019-07-26,7.83,0,0,75
2019-07-27,9.84,0,0,75
2019-07-28,10.07,0,0,79
2019-07-29,9.84,0.01,0,84
2019-07-30,8.72,0,0,85
2019-07-31,9.84,1.25,0,82
2019-08-01,7.83,0,0,80
2019-08-02,8.05,0,0,77
2019-08-03,10.74,0,0,77
2019-08-04,7.83,0,0,77
2019-08-05,8.05,0,0,72
2019-08-06,6.71,0,0,71
2019-08-07,10.74,1.9,0,76
2019-08-08,11.41,0.38,0,78
2019-08-09,11.18,0,0,78
2019-08-10,12.97,0,0,76
2019-08-11,10.96,0,0,72
2019-08-12,10.51,0,0,77
2019-08-13,12.3,0,0,78
2019-08-14,7.83,0,0,72
2019-08-15,6.71,0,0,66
2019-08-16,7.38,0,0,68
2019-08-17,8.95,0,0,69
2019-08-18,7.38,0.16,0,73
2019-08-19,11.41,0.01,0,82
2019-08-20,7.83,0,0,79
2019-08-21,10.51,0.08,0,76
2019-08-22,9.84,0,0,80
2019-08-23,9.62,0,0,78
2019-08-24,10.51,0,0,69
2019-08-25,12.3,0,0,66
2019-08-26,9.4,0,0,64
2019-08-27,7.16,0,0,66
2019-08-28,7.83,0.65,0,69
2019-08-29,9.62,0.3,0,74
2019-08-30,12.08,0,0,77
2019-08-31,9.17,0,0,77
2019-09-01,8.5,0,0,69
2019-09-02,7.83,1.11,0,68
2019-09-03,8.28,0,0,71
2019-09-04,12.08,0.33,0,73
2019-09-05,9.17,0,0,68
2019-09-06,12.08,0,0,64
2019-09-07,14.32,0.03,0,65
2019-09-08,9.62,0,0,69
2019-09-09,7.83,0,0,66
2019-09-10,7.61,0,0,67
2019-09-11,13.65,0,0,75
2019-09-12,10.29,0.07,0,69
2019-09-13,11.18,0,0,61
2019-09-14,10.96,0.21,0,62
2019-09-15,9.62,0,0,73
2019-09-16,9.84,0,0,70
2019-09-17,10.74,0,0,64
2019-09-18,12.08,0,0,61
2019-09-19,7.61,0,0,58
2019-09-20,6.26,0,0,64
2019-09-21,6.93,0,0,73
2019-09-22,10.74,0,0,74
2019-09-23,15.21,0.13,0,78
2019-09-24,11.86,0.01,0,74
2019-09-25,9.4,0,0,65
2019-09-26,10.51,0.27,0,68
2019-09-27,8.95,0,0,65
2019-09-28,12.3,0,0,68
2019-09-29,9.17,0,0,70
2019-09-30,10.29,0,0,59
2019-10-01,11.63,0.05,0,62
2019-10-02,11.63,0.22,0,71
2019-10-03,11.41,0.02,0,54
2019-10-04,13.2,0.09,0,56
2019-10-05,9.4,0,0,50
2019-10-06,12.08,0,0,56
2019-10-07,16.11,0.16,0,73
2019-10-08,8.5,0.01,0,62
2019-10-09,17.9,0.07,0,58
2019-10-10,21.25,0.02,0,56
2019-10-11,23.71,0.33,0,56
2019-10-12,11.18,0.01,0,56
2019-10-13,6.26,0,0,59
2019-10-14,7.38,0,0,58
2019-10-15,8.28,0,0,58
2019-10-16,16.33,0.53,0,54
2019-10-17,24.61,0.67,0,57
2019-10-18,14.54,0,0,55
2019-10-19,7.61,0,0,52
2019-10-20,4.7,0,0,53
2019-10-21,8.95,0,0,58
2019-10-22,10.74,0.16,0,55
2019-10-23,10.07,0.42,0,61
2019-10-24,11.86,0,0,59
2019-10-25,5.82,0.01,0,58
2019-10-26,7.61,0,0,56
2019-10-27,15.66,1.43,0,53
2019-10-28,8.5,0.06,0,53
2019-10-29,4.47,0.03,0,54
2019-10-30,3.36,0.09,0,59
2019-10-31,18.12,0.07,0,65
2019-11-01,20.58,0.01,0,62
2019-11-02,6.93,0,0,45
2019-11-03,10.07,0,0,49
2019-11-04,8.72,0,0,48
2019-11-05,7.83,0.4,0,52
2019-11-06,10.51,0,0,52
2019-11-07,11.41,0.23,0,50
2019-11-08,16.78,0,0,39
2019-11-09,9.62,0,0,33
2019-11-10,11.18,0,0,41
2019-11-11,8.5,0,0,48
2019-11-12,13.2,0.08,0,41
2019-11-13,16.11,0,0,27
2019-11-14,6.93,0,0,30
2019-11-15,12.97,0,0,44
2019-11-16,13.42,0,0,37
2019-11-17,13.42,0,0,32
2019-11-18,14.09,0.24,0,40
2019-11-19,4.92,0.24,0,42
2019-11-20,10.51,0.23,0,41
2019-11-21,8.5,0,0,42
2019-11-22,15.66,0.09,0,48
2019-11-23,9.84,0,0,41
2019-11-24,16.33,1.51,0,43
2019-11-25,10.96,0,0,46
2019-11-26,9.17,0,0,50
2019-11-27,6.26,0.2,0,48
2019-11-28,19.46,0.14,0,47
2019-11-29,17.67,0,0,37
2019-11-30,16.11,0,0,33
2019-12-01,10.96,0.62,1.2,29
2019-12-02,24.16,0.43,1.1,39
2019-12-03,15.66,0.38,4.8,32
2019-12-04,9.62,0,0,34
2019-12-05,13.42,0,0,40
2019-12-06,9.17,0.04,0.2,34
2019-12-07,11.86,0,0,32
2019-12-08,9.62,0,0,29
2019-12-09,13.87,0.55,0,45
2019-12-10,15.66,0.19,0,59
2019-12-11,10.96,0.21,2.8,38
2019-12-12,10.07,0,0,30
2019-12-13,6.93,0.1,0,35
2019-12-14,12.53,1.25,0,51
2019-12-15,22.82,0,0,49
2019-12-16,11.41,0,0,34
2019-12-17,9.62,0.65,1.3,31
2019-12-18,14.32,0,0.1,34
2019-12-19,19.69,0,0,22
2019-12-20,13.2,0,0,23
2019-12-21,5.14,0,0,27
2019-12-22,9.84,0,0,36
2019-12-23,11.41,0,0,44
2019-12-24,9.62,0,0,45
2019-12-25,4.7,0,0,37
2019-12-26,6.93,0,0,37
2019-12-27,11.41,0.01,0,41
2019-12-28,10.96,0,0,48
2019-12-29,7.16,0.08,0,40
2019-12-30,20.8,1.29,0,38
2019-12-31,13.42,0.27,0,40
2020-01-01,15.43,0,0,39
2020-01-02,12.53,0,0,40
2020-01-03,7.16,0,0,47
2020-01-04,5.37,0.13,0,47
2020-01-05,16.55,0.11,0,39
2020-01-06,6.71,0,0,33
2020-01-07,9.17,0,0,38
2020-01-08,14.09,0.02,0.1,38
2020-01-09,13.2,0,0,29
2020-01-10,13.87,0,0,38
2020-01-11,18.12,0,0,57
2020-01-12,20.8,0.02,0,66
2020-01-13,9.17,0.01,0,41
2020-01-14,5.59,0,0,39
2020-01-15,8.5,0,0,44
2020-01-16,15.21,0.1,0,42
2020-01-17,20.13,0,0,25
2020-01-18,8.72,0.28,3,18
2020-01-19,13.42,0.02,0,33
2020-01-20,13.87,0,0,26
2020-01-21,7.61,0,0,23
2020-01-22,4.92,0,0,29
2020-01-23,7.38,0,0,36
2020-01-24,6.93,0,0,41
2020-01-25,14.09,0.7,0,42
2020-01-26,12.53,0,0,47
2020-01-27,12.3,0,0,42
2020-01-28,12.97,0,0,41
2020-01-29,10.51,0,0,37
2020-01-30,7.61,0,0,29
2020-01-31,8.95,0,0,35
2020-02-01,4.47,0.02,0,38
2020-02-02,6.93,0,0,39
2020-02-03,9.62,0,0,41
2020-02-04,3.13,0,0,42
2020-02-05,6.26,0.05,0,41
2020-02-06,12.3,0.44,0.3,37
2020-02-07,14.99,0.32,0,40
2020-02-08,16.55,0,0,31
2020-02-09,7.38,0,0,27
2020-02-10,13.42,0.16,0,42
2020-02-11,6.26,0.17,0,43
2020-02-12,11.41,0,0,41
2020-02-13,6.71,0.53,0.2,39
2020-02-14,14.32,0,0,33
2020-02-15,10.29,0,0,19
2020-02-16,11.18,0,0,35
2020-02-17,8.72,0,0,42
2020-02-18,10.74,0.45,0,37
2020-02-19,14.99,0,0,43
2020-02-20,11.86,0,0,32
2020-02-21,10.07,0,0,26
2020-02-22,11.63,0,0,36
2020-02-23,8.95,0,0,44
2020-02-24,8.95,0,0,48
2020-02-25,5.37,0.26,0,47
2020-02-26,9.4,0.15,0,46
2020-02-27,22.59,0.75,0,45
2020-02-28,15.43,0,0,34
2020-02-29,12.3,0,0,31
2020-03-01,12.3,0,0,25
2020-03-02,11.63,0,0,35
2020-03-03,11.18,0.03,0,50
2020-03-04,19.69,0.03,0,47
2020-03-05,10.74,0,0,44
2020-03-06,13.87,0,0,39
2020-03-07,20.13,0,0,36
2020-03-08,10.51,0,0,40
2020-03-09,13.42,0,0,55
2020-03-10,11.41,0,0,52
2020-03-11,9.17,0,0,50
2020-03-12,9.62,0,0,40
2020-03-13,16.33,0.29,0,46
2020-03-14,15.88,0,0,46
2020-03-15,10.51,0,0,40
2020-03-16,12.08,0,0,32
2020-03-17,8.95,0.03,0,36
2020-03-18,9.4,0,0,43
2020-03-19,13.2,0.56,0,41
2020-03-20,15.66,0.02,0,48
2020-03-21,14.09,0,0,49
2020-03-22,11.41,0,0,31
2020-03-23,15.21,1.38,0,33
2020-03-24,12.08,0.35,0,40
2020-03-25,13.87,0,0,40
2020-03-26,11.41,0,0,39
2020-03-27,12.75,0.01,0,51
2020-03-28,6.49,0.08,0,45
2020-03-29,16.11,0.74,0,42
2020-03-30,15.43,0.08,0,40
2020-03-31,12.3,0,0,36
2020-04-01,12.08,0,0,36
2020-04-02,17.67,0.13,0,42
2020-04-03,25.5,0.83,0,43
2020-04-04,13.2,0.04,0,41
2020-04-05,8.28,0,0,43
2020-04-06,10.29,0,0,50
2020-04-07,8.72,0,0,52
2020-04-08,7.16,0.07,0,46
2020-04-09,14.09,0.64,0,44
2020-04-10,18.12,0.01,0,43
2020-04-11,15.21,0,0,44
2020-04-12,10.74,0,0,47
2020-04-13,22.37,0.56,0,55
2020-04-14,10.29,0,0,53
2020-04-15,9.62,0,0,47
2020-04-16,12.3,0,0,42
2020-04-17,14.32,0.01,0,41
2020-04-18,10.29,0.67,0.7,38
2020-04-19,14.99,0,0,46
2020-04-20,9.4,0,0,48
2020-04-21,16.55,0.33,0,43
2020-04-22,19.69,0,0,39
2020-04-23,12.53,0,0,42
2020-04-24,9.17,0.21,0,44
2020-04-25,7.61,0,0,45
2020-04-26,14.99,0.22,0,45
2020-04-27,22.82,0.6,0,41
2020-04-28,10.29,0.01,0,40
2020-04-29,9.84,0,0,44
2020-04-30,13.2,0,0,45
2020-05-01,8.95,0.79,0,52
2020-05-02,12.97,0.01,0,57
2020-05-03,10.07,0,0,64
2020-05-04,11.86,0,0,63
2020-05-05,12.97,0,0,51
2020-05-06,9.17,0.01,0,47
2020-05-07,9.4,0,0,51
2020-05-08,11.86,0.25,0,52
2020-05-09,19.69,0.12,0,41
2020-05-10,14.76,0,0,44
2020-05-11,11.86,0.23,0,52
2020-05-12,15.66,0,0,48
2020-05-13,12.75,0,0,48
2020-05-14,11.18,0,0,57
2020-05-15,10.96,0.67,0,60
2020-05-16,12.97,0.04,0,63
2020-05-17,8.5,0,0,54
2020-05-18,8.28,0,0,54
2020-05-19,12.3,0,0,51
2020-05-20,8.5,0,0,51
2020-05-21,11.18,0,0,58
2020-05-22,14.09,0,0,67
2020-05-23,15.43,0,0,62
2020-05-24,11.86,0,0,50
2020-05-25,6.49,0,0,50
2020-05-26,6.71,0,0,56
2020-05-27,11.63,0,0,70
2020-05-28,13.65,0,0,71
2020-05-29,16.33,0,0,73
2020-05-30,11.41,0.09,0,73
2020-05-31,14.76,0,0,65
2020-06-01,10.96,0,0,56
2020-06-02,8.5,0.02,0,56
2020-06-03,7.38,0.01,0,65
2020-06-04,8.5,0,0,74
2020-06-05,11.41,0.16,0,72
2020-06-06,10.51,0.14,0,75
2020-06-07,9.84,0,0,62
2020-06-08,8.28,0,0,66
2020-06-09,5.59,0,0,67
2020-06-10,9.62,0,0,62
2020-06-11,13.65,0.74,0,67
2020-06-12,8.95,0,0,73
2020-06-13,11.18,0,0,66
2020-06-14,10.51,0,0,60
2020-06-15,7.61,0,0,59
2020-06-16,6.49,0,0,62
2020-06-17,7.83,0,0,64
2020-06-18,9.84,0,0,72
2020-06-19,11.86,0,0,77
2020-06-20,9.62,0,0,79
2020-06-21,8.05,0,0,78
2020-06-22,7.83,0,0,67
2020-06-23,9.84,0,0,72
2020-06-24,9.84,0.01,0,76
2020-06-25,9.4,0,0,77
2020-06-26,9.62,0,0,76
2020-06-27,5.82,0.02,0,74
2020-06-28,6.93,1.19,0,70
2020-06-29,6.71,0.19,0,67
2020-06-30,6.93,0.18,0,64
2020-07-01,5.59,0.07,0,66
2020-07-02,6.93,0,0,71
2020-07-03,12.3,0,0,72
2020-07-04,8.05,0,0,65
2020-07-05,7.61,0.11,0,69
2020-07-06,8.95,0,0,68
2020-07-07,9.62,0,0,68
2020-07-08,12.3,0,0,74
2020-07-09,9.17,0,0,78
2020-07-10,10.96,0,0,74
2020-07-11,15.66,0.01,0,77
2020-07-12,14.32,0,0,80
2020-07-13,7.83,0.07,0,78
2020-07-14,8.95,0.62,0,71
2020-07-15,8.95,0.07,0,66
2020-07-16,8.95,0,0,65
2020-07-17,9.4,0.11,0,64
2020-07-18,6.71,0,0,77
2020-07-19,11.63,0,0,82
2020-07-20,12.97,0,0,82
2020-07-21,10.29,0,0,83
2020-07-22,8.05,0.32,0,75
2020-07-23,7.83,0.57,0,76
2020-07-24,7.61,0,0,74
2020-07-25,6.49,0,0,76
2020-07-26,12.53,0,0,81
2020-07-27,11.41,0,0,86
2020-07-28,11.63,0,0,87
2020-07-29,10.51,0,0,80
2020-07-30,7.61,0,0,78
2020-07-31,6.93,0,0,75
2020-08-01,8.05,0,0,75
2020-08-02,11.41,0.07,0,77
2020-08-03,12.75,0,0,83
2020-08-04,14.32,0.17,0,76
2020-08-05,12.3,0,0,79
2020-08-06,6.71,0,0,77
2020-08-07,6.26,0,0,71
2020-08-08,6.93,0,0,70
2020-08-09,9.62,0,0,76
2020-08-10,8.05,0,0,81
2020-08-11,10.96,0,0,83
2020-08-12,7.38,0,0,81
2020-08-13,7.38,0,0,79
2020-08-14,8.5,0,0,73
2020-08-15,14.09,0,0,68
2020-08-16,11.63,0.16,0,67
2020-08-17,11.18,0.08,0,66
2020-08-18,10.29,0.16,0,73
2020-08-19,8.05,0.06,0,71
2020-08-20,8.5,0,0,69
2020-08-21,11.41,0,0,75
2020-08-22,7.16,0,0,75
2020-08-23,8.05,1.33,0,73
2020-08-24,7.83,0,0,75
2020-08-25,12.53,0,0,79
2020-08-26,13.2,0,0,69
2020-08-27,6.04,0.18,0,64
2020-08-28,5.82,0,0,68
2020-08-29,9.62,0.07,0,70
2020-08-30,14.99,0,0,72
2020-08-31,8.5,0,0,65
2020-09-01,10.96,0,0,66
2020-09-02,7.38,0.2,0,65
2020-09-03,5.82,0.01,0,71
2020-09-04,10.29,0,0,74
2020-09-05,9.62,0,0,70
2020-09-06,6.49,0,0,69
2020-09-07,10.74,0,0,70
2020-09-08,8.95,0,0,69
2020-09-09,5.82,0,0,69
2020-09-10,7.16,0.25,0,74
2020-09-11,9.62,0,0,67
2020-09-12,9.62,0,0,60
2020-09-13,8.72,0,0,63
2020-09-14,13.42,0,0,70
2020-09-15,8.28,0,0,56
2020-09-16,14.09,0,0,61
2020-09-17,10.51,0,0,67
2020-09-18,13.42,0,0,62
2020-09-19,10.51,0,0,54
2020-09-20,10.96,0,0,52
2020-09-21,10.51,0,0,53
2020-09-22,13.65,0,0,54
2020-09-23,11.63,0,0,65
2020-09-24,8.05,0,0,69
2020-09-25,6.04,0,0,65
2020-09-26,7.61,0,0,63
2020-09-27,7.16,0,0,69
2020-09-28,8.95,0.05,0,70
2020-09-29,8.05,0,0,68
2020-09-30,18.34,0.46,0,71
2020-10-01,11.41,0,0,65
2020-10-02,7.38,0.02,0,61
2020-10-03,7.83,0,0,56
2020-10-04,8.05,0,0,56
2020-10-05,8.5,0,0,57
2020-10-06,9.62,0,0,58
2020-10-07,17,0.02,0,62
2020-10-08,15.43,0,0,57
2020-10-09,10.74,0,0,51
2020-10-10,19.46,0,0,63
2020-10-11,12.3,0,0,60
2020-10-12,16.11,0,0,52
2020-10-13,14.76,1.5,0,55
2020-10-14,8.72,0,0,58
2020-10-15,12.3,0,0,59
2020-10-16,9.4,0.77,0,61
2020-10-17,12.75,1.16,0,51
2020-10-18,6.93,0,0,49
2020-10-19,5.14,0,0,51
2020-10-20,5.82,0,0,56
2020-10-21,7.61,0.06,0,58
2020-10-22,7.16,0,0,62
2020-10-23,6.93,0,0,57
2020-10-24,11.41,0,0,60
2020-10-25,10.07,0,0,47
2020-10-26,9.62,0.01,0,50
2020-10-27,8.28,0,0,51
2020-10-28,6.04,0.27,0,47
2020-10-29,9.62,0.91,0,47
2020-10-30,14.54,0.26,4.3,37
2020-10-31,6.71,0,0,33
2020-11-01,6.49,0.62,0,42
2020-11-02,19.24,0,0,42
2020-11-03,14.54,0,0,38
2020-11-04,8.5,0,0,40
2020-11-05,15.21,0,0,57
2020-11-06,12.3,0,0,61
2020-11-07,7.61,0,0,61
2020-11-08,4.25,0,0,60
2020-11-09,2.46,0,0,51
2020-11-10,9.84,0,0,58
2020-11-11,14.32,0.01,0,64
2020-11-12,9.84,0,0,61
2020-11-13,12.08,0.22,0,48
2020-11-14,10.07,0,0,43
2020-11-15,12.3,0.34,0,41
2020-11-16,12.75,0.05,0,51
2020-11-17,11.41,0,0,43
2020-11-18,14.09,0,0,33
2020-11-19,12.75,0,0,29
2020-11-20,17,0,0,51
2020-11-21,9.17,0,0,55
2020-11-22,13.65,0,0,42
2020-11-23,13.65,1.81,0,49
2020-11-24,11.41,0,0,39
2020-11-25,4.25,0.01,0,37
2020-11-26,5.82,0.29,0,49
2020-11-27,4.25,0,0,49
2020-11-28,8.05,0,0,49
2020-11-29,8.05,0,0,44
2020-11-30,16.78,0.85,0,46
2020-12-01,15.66,0.41,0,59
2020-12-02,13.42,0,0,41
2020-12-03,12.53,0,0,41
2020-12-04,13.2,0.02,0,47
2020-12-05,18.12,1.72,0.3,43
2020-12-06,17.22,0,0,34
2020-12-07,10.29,0,0,30
2020-12-08,13.42,0,0,29
2020-12-09,7.61,0,0,29
2020-12-10,9.62,0,0,38
2020-12-11,8.28,0,0,39
2020-12-12,5.82,0.5,0,42
2020-12-13,6.93,0,0,47
2020-12-14,7.83,0.06,0,38
2020-12-15,13.87,0,0,33
2020-12-16,13.2,0.04,0.4,22
2020-12-17,22.59,1.3,12.3,26
2020-12-18,10.29,0,0,25
2020-12-19,6.04,0,0,23
2020-12-20,3.58,0.03,0,29
2020-12-21,5.59,0,0,33
2020-12-22,11.63,0,0,38
2020-12-23,10.07,0,0,35
2020-12-24,12.97,0,0,39
2020-12-25,19.69,1.49,0,53
2020-12-26,17,0,0,36
2020-12-27,8.95,0,0,31
2020-12-28,9.4,0,0,37
2020-12-29,15.43,0,0,37
2020-12-30,11.86,0,0,28
2020-12-31,14.32,0.1,0,42
2021-01-01,6.26,0.1,0,34
2021-01-02,14.32,0.41,0,39
2021-01-03,9.4,0.03,0.2,33
2021-01-04,11.41,0,0,34
2021-01-05,10.74,0.01,0,32
2021-01-06,13.42,0,0,33
2021-01-07,13.65,0,0,34
2021-01-08,10.74,0,0,32
2021-01-09,11.41,0,0,29
2021-01-10,9.4,0,0,33
2021-01-11,5.82,0,0,31
2021-01-12,7.38,0,0,33
2021-01-13,6.93,0,0,35
2021-01-14,5.37,0.1,0,35
2021-01-15,8.28,0,0,36
2021-01-16,18.57,1.03,0,42
2021-01-17,18.57,0,0,39
2021-01-18,14.54,0,0,40
2021-01-19,10.74,0,0,33
2021-01-20,10.96,0,0,34
2021-01-21,7.83,0,0.1,26
2021-01-22,9.62,0,0,35
2021-01-23,16.55,0,0,31
2021-01-24,20.8,0,0,22
2021-01-25,12.97,0,0,26
2021-01-26,8.28,0.22,3.6,28
2021-01-27,8.5,0.07,1,30
2021-01-28,13.42,0.05,0.9,31
2021-01-29,20.8,0,0,15
2021-01-30,13.2,0,0,13
2021-01-31,5.82,0,0,14
2021-02-01,20.8,0.69,1.2,27
2021-02-02,19.01,0.2,0,32
2021-02-03,10.51,0,0,31
2021-02-04,8.95,0.01,0.1,33
2021-02-05,6.04,0.01,0,32
2021-02-06,12.53,0,0,36
2021-02-07,9.17,0.44,5.3,32
2021-02-08,10.74,0,0,25
2021-02-09,6.04,0.17,3,24
2021-02-10,9.4,0,0,25
2021-02-11,8.72,0,0,25
2021-02-12,10.51,0,0,19
2021-02-13,9.4,0,0,23
2021-02-14,5.59,0,0,29
2021-02-15,9.17,0.03,0,31
2021-02-16,11.18,0.63,0,33
2021-02-17,12.75,0,0,29
2021-02-18,8.5,0.09,0.9,27
2021-02-19,10.96,0.43,4.8,28
2021-02-20,11.18,0,0,27
2021-02-21,9.4,0,0,26
2021-02-22,10.96,0.16,0,29
2021-02-23,12.75,0,0,38
2021-02-24,13.42,0,0,42
2021-02-25,17.22,0,0,44
2021-02-26,9.17,0,0,33
2021-02-27,9.84,0.17,0,35
2021-02-28,6.93,0.02,0,40
2021-03-01,13.87,0.18,0,39
2021-03-02,22.59,0,0,23
2021-03-03,12.08,0,0,33
2021-03-04,14.76,0,0,39
2021-03-05,18.12,0,0,29
2021-03-06,12.53,0,0,29
2021-03-07,9.84,0,0,29
2021-03-08,9.4,0,0,32
2021-03-09,11.41,0,0,45
2021-03-10,8.5,0,0,43
2021-03-11,13.42,0,0,50
2021-03-12,14.32,0,0,59
2021-03-13,17.22,0,0,44
2021-03-14,17.22,0,0.1,41
2021-03-15,19.01,0,0,24
2021-03-16,9.4,0,0,26
2021-03-17,9.62,0,0,40
2021-03-18,10.74,0.66,0,43
2021-03-19,15.88,0,0,39
2021-03-20,7.38,0,0,43
2021-03-21,6.04,0,0,48
2021-03-22,8.28,0,0,46
2021-03-23,6.71,0,0,48
2021-03-24,5.59,0,0,48
2021-03-25,4.92,0.15,0,51
2021-03-26,17.22,0.01,0,59
2021-03-27,13.87,0,0,53
2021-03-28,12.97,0.69,0,46
2021-03-29,19.01,0,0,51
2021-03-30,11.41,0,0,47
2021-03-31,14.54,0.2,0,56
2021-04-01,14.99,0.92,0,51
2021-04-02,13.2,0,0,35
2021-04-03,8.05,0,0,38
2021-04-04,10.74,0,0,47
2021-04-05,16.55,0,0,52
2021-04-06,8.05,0,0,52
2021-04-07,6.93,0,0,52
2021-04-08,9.17,0,0,53
2021-04-09,9.17,0,0,51
2021-04-10,9.84,0,0,59
2021-04-11,13.65,0,0,53
2021-04-12,12.97,0,0,47
2021-04-13,10.29,0,0,49
2021-04-14,9.4,0,0,49
2021-04-15,12.97,0.22,0,48
2021-04-16,19.69,1.6,0.1,42
2021-04-17,10.96,0.08,0,42
2021-04-18,8.05,0,0,51
2021-04-19,7.61,0.01,0,54
2021-04-20,11.63,0,0,62
2021-04-21,14.99,0.24,0,59
2021-04-22,20.13,0,0,42
2021-04-23,17,0,0,47
2021-04-24,12.3,0,0,61
2021-04-25,7.61,0.11,0,55
2021-04-26,15.21,0,0,52
2021-04-27,10.74,0,0,53
2021-04-28,6.93,0.22,0,56
2021-04-29,6.26,0.89,0,49
2021-04-30,17.67,0.15,0,55
2021-05-01,14.32,0.02,0,53
2021-05-02,13.42,0.01,0,62
2021-05-03,8.95,0.02,0,60
2021-05-04,10.74,0.67,0,50
2021-05-05,7.83,0.53,0,49
2021-05-06,10.74,0,0,56
2021-05-07,10.29,0,0,54
2021-05-08,11.41,0,0,50
2021-05-09,12.3,0,0,58
2021-05-10,8.05,0.34,0,55
2021-05-11,14.76,0,0,59
2021-05-12,10.51,0,0,57
2021-05-13,7.38,0,0,60
2021-05-14,9.84,0,0,65
2021-05-15,8.95,0,0,67
2021-05-16,8.5,0.01,0,68
2021-05-17,6.93,0,0,64
2021-05-18,9.4,0,0,71
2021-05-19,10.29,0,0,70
2021-05-20,8.72,0,0,63
2021-05-21,10.74,0,0,67
2021-05-22,7.83,0,0,73
2021-05-23,12.3,0,0,79
2021-05-24,13.2,0,0,63
2021-05-25,15.88,0,0,64
2021-05-26,14.54,0.28,0,74
2021-05-27,12.08,0.01,0,75
2021-05-28,11.41,1.08,0,59
2021-05-29,19.69,1.08,0,49
2021-05-30,17.22,0.72,0,51
2021-05-31,9.17,0.15,0,55
2021-06-01,10.29,0,0,65
2021-06-02,9.17,0,0,69
2021-06-03,10.07,0,0,67
2021-06-04,10.29,0.11,0,72
2021-06-05,11.18,0,0,77
2021-06-06,10.07,0,0,85
2021-06-07,12.3,0,0,85
2021-06-08,9.4,0,0,84
2021-06-09,6.93,0.05,0,81
2021-06-10,10.96,0,0,71
2021-06-11,7.38,0.12,0,62
2021-06-12,5.59,0.59,0,64
2021-06-13,10.29,0,0,72
2021-06-14,6.26,0.53,0,66
2021-06-15,5.14,0.01,0,67
2021-06-16,11.41,0,0,69
2021-06-17,8.28,0,0,71
2021-06-18,8.95,0,0,74
2021-06-19,12.75,0,0,78
2021-06-20,10.51,0,0,79
2021-06-21,13.42,0,0,78
2021-06-22,9.62,0.91,0,76
2021-06-23,10.07,0,0,66
2021-06-24,9.84,0,0,66
2021-06-25,7.83,0.09,0,64
2021-06-26,13.65,0,0,74
2021-06-27,16.33,0,0,81
2021-06-28,14.09,0,0,85
2021-06-29,10.51,0,0,89
2021-06-30,9.84,0.16,0,88
2021-07-01,8.95,1.28,0,78
2021-07-02,14.09,1.67,0,65
2021-07-03,12.97,1.68,0,59
2021-07-04,7.38,0.31,0,61
2021-07-05,7.61,0,0,65
2021-07-06,14.76,0.29,0,77
2021-07-07,8.5,0.03,0,80
2021-07-08,8.95,0.3,0,69
2021-07-09,10.51,2.04,0,67
2021-07-10,6.71,0.05,0,71
2021-07-11,5.14,0.03,0,71
2021-07-12,8.05,1.21,0,69
2021-07-13,7.83,0.01,0,67
2021-07-14,4.7,0,0,69
2021-07-15,6.26,0,0,74
2021-07-16,10.96,0.02,0,81
2021-07-17,7.83,0.17,0,76
2021-07-18,8.5,0.3,0,71
2021-07-19,6.71,0,0,69
2021-07-20,7.16,0,0,77
2021-07-21,9.4,0,0,78
2021-07-22,8.05,0,0,72
2021-07-23,7.61,0,0,73
2021-07-24,8.5,0,0,72
2021-07-25,11.18,0.15,0,72
2021-07-26,8.05,0,0,80
2021-07-27,8.5,0.38,0,80
2021-07-28,8.5,0,0,70
2021-07-29,13.87,0.01,0,72
2021-07-30,12.75,0.14,0,74
2021-07-31,10.51,0,0,69
2021-08-01,8.5,0,0,71
2021-08-02,8.95,0,0,74
2021-08-03,5.59,0,0,73
2021-08-04,7.61,0.58,0,72
2021-08-05,8.5,1.42,0,67
2021-08-06,8.05,0,0,75
2021-08-07,10.29,0,0,80
2021-08-08,7.16,0,0,78
2021-08-09,9.4,1.15,0,72
2021-08-10,6.71,0.03,0,70
2021-08-11,11.86,0,0,81
2021-08-12,9.62,0,0,84
2021-08-13,7.16,0,0,83
2021-08-14,9.62,0.01,0,85
2021-08-15,8.28,0,0,77
2021-08-16,7.38,0,0,72
2021-08-17,9.17,0,0,75
2021-08-18,9.4,0,0,78
2021-08-19,10.51,1.14,0,77
2021-08-20,6.26,0.05,0,77
2021-08-21,8.05,0,0,77
2021-08-22,17.67,0.76,0,72
2021-08-23,9.4,1.69,0,73
2021-08-24,8.05,0,0,77
2021-08-25,5.82,0,0,84
2021-08-26,6.93,0,0,85
2021-08-27,8.5,0,0,83
2021-08-28,12.3,0.07,0,72
2021-08-29,6.71,0.08,0,68
2021-08-30,12.3,0.02,0,77
2021-08-31,10.29,0,0,79
2021-09-01,8.5,1.69,0,72
2021-09-02,14.54,2.54,0,66
2021-09-03,10.51,0,0,67
2021-09-04,9.84,0,0,71
2021-09-05,8.72,0.05,0,70
2021-09-06,10.51,0,0,75
2021-09-07,10.07,0,0,74
2021-09-08,13.65,0,0,74
2021-09-09,7.38,0.96,0,74
2021-09-10,11.41,0.19,0,71
2021-09-11,10.96,0,0,69
2021-09-12,14.99,0,0,73
2021-09-13,8.95,0.06,0,76
2021-09-14,8.5,0,0,69
2021-09-15,11.41,0,0,75
2021-09-16,8.5,0.31,0,71
2021-09-17,8.28,0,0,67
2021-09-18,5.37,0.06,0,68
2021-09-19,9.17,0.28,0,69
2021-09-20,6.26,0,0,65
2021-09-21,6.26,0,0,65
2021-09-22,7.83,0,0,72
2021-09-23,8.05,0.03,0,73
2021-09-24,11.41,0,0,74
2021-09-25,6.26,0.03,0,70
2021-09-26,10.74,0.55,0,69
2021-09-27,12.3,0,0,67
2021-09-28,8.5,0.72,0,69
2021-09-29,9.17,0,0,60
2021-09-30,9.84,0,0,59
2021-10-01,9.17,0,0,59
2021-10-02,9.62,0,0,63
2021-10-03,7.16,0.13,0,64
2021-10-04,15.66,1.08,0,61
2021-10-05,8.72,0.3,0,58
2021-10-06,4.92,0,0,62
2021-10-07,4.03,0,0,64
2021-10-08,10.51,0,0,65
2021-10-09,13.87,0,0,63
2021-10-10,10.51,0,0,63
2021-10-11,8.05,0,0,64
2021-10-12,4.25,0,0,65
2021-10-13,7.38,0,0,68
2021-10-14,7.16,0,0,67
2021-10-15,8.05,0,0,65
2021-10-16,15.43,0.02,0,69
2021-10-17,12.75,0.31,0,62
2021-10-18,14.09,0,0,55
2021-10-19,13.2,0,0,53
2021-10-20,10.29,0,0,60
2021-10-21,9.62,0,0,66
2021-10-22,11.18,0,0,65
2021-10-23,9.62,0,0,55
2021-10-24,9.84,0,0,50
2021-10-25,12.75,0.81,0,53
2021-10-26,23.04,0.92,0,57
2021-10-27,26.62,0.1,0,51
2021-10-28,10.07,0,0,48
2021-10-29,11.86,0,0,46
2021-10-30,14.99,1.02,0,54
2021-10-31,12.97,0.42,0,59
2021-11-01,12.75,0,0,56
2021-11-02,9.17,0,0,51
2021-11-03,9.84,0,0,48
2021-11-04,6.71,0,0,43
2021-11-05,7.61,0,0,44
2021-11-06,6.71,0,0,43
2021-11-07,4.25,0,0,44
2021-11-08,6.71,0,0,48
2021-11-09,4.92,0,0,54
2021-11-10,8.5,0,0,56
2021-11-11,8.72,0,0,49
2021-11-12,16.33,0.53,0,55
2021-11-13,9.62,0.19,0,52
2021-11-14,10.51,0,0,44
2021-11-15,12.3,0.08,0,45
2021-11-16,14.76,0,0,42
2021-11-17,8.05,0,0,41
2021-11-18,13.42,0,0,57
2021-11-19,14.32,0.28,0,49
2021-11-20,8.5,0,0,39
2021-11-21,7.38,0,0,44
2021-11-22,11.41,0.22,0,53
2021-11-23,15.21,0,0,37
2021-11-24,13.87,0,0,33
2021-11-25,7.38,0,0,42
2021-11-26,12.53,0.04,0,45
2021-11-27,16.78,0,0,35
2021-11-28,7.61,0,0,33
2021-11-29,10.51,0,0,36
2021-11-30,10.96,0,0,32
2021-12-01,9.84,0,0,39
2021-12-02,11.18,0.02,0,46
2021-12-03,16.11,0,0,44
2021-12-04,9.62,0,0,35
2021-12-05,8.72,0,0,41
2021-12-06,16.33,0.25,0,49
2021-12-07,12.08,0,0,44
2021-12-08,10.07,0,0.3,35
2021-12-09,9.4,0.01,0,31
2021-12-10,5.37,0,0,35
2021-12-11,12.75,0.25,0,43
2021-12-12,17,0.04,0,50
2021-12-13,16.11,0,0,43
2021-12-14,10.74,0,0,46
2021-12-15,7.38,0.02,0,38
2021-12-16,14.32,0.17,0,52
2021-12-17,16.11,0,0,55
2021-12-18,7.16,0.56,0.1,41
2021-12-19,14.76,0.38,0,36
2021-12-20,9.17,0,0,26
2021-12-21,8.95,0,0,35
2021-12-22,10.07,0.09,0,39
2021-12-23,12.97,0,0,31
2021-12-24,4.25,0,0,26
2021-12-25,6.04,0.32,0,31
2021-12-26,12.97,0.24,0,36
2021-12-27,8.72,0,0,33
2021-12-28,6.93,0.04,0,37
2021-12-29,3.36,0,0,40
2021-12-30,3.58,0.06,0,40
2021-12-31,2.91,0,0,42
2022-01-01,3.36,0.08,0,46
2022-01-02,8.95,0.23,0,45
2022-01-03,14.09,0,0,29
2022-01-04,9.84,0,0,23
2022-01-05,11.18,0.12,0,37
2022-01-06,10.74,0,0,40
2022-01-07,13.42,0.48,11.7,31
2022-01-08,10.74,0,0,24
2022-01-09,16.11,0.01,0,31
2022-01-10,16.78,0,0,33
2022-01-11,13.2,0,0.1,16
2022-01-12,12.97,0,0,22
2022-01-13,4.25,0,0,36
2022-01-14,16.33,0,0,37
2022-01-15,17.22,0,0,13
2022-01-16,8.28,0,0,13
2022-01-17,23.94,0.73,0,39
2022-01-18,18.12,0,0,31
2022-01-19,13.87,0,0,30
2022-01-20,10.96,0.15,0,37
2022-01-21,10.96,0,0,18
2022-01-22,8.95,0,0,18
2022-01-23,10.07,0.01,0.1,25
2022-01-24,7.38,0.04,0.4,28
2022-01-25,8.95,0.02,0.1,33
2022-01-26,12.3,0,0,25
2022-01-27,8.5,0,0,17
2022-01-28,7.38,0.01,0.2,29
2022-01-29,22.82,0.45,23.6,23
2022-01-30,14.32,0,0,15
2022-01-31,5.37,0,0,21
2022-02-01,8.72,0,0,26
2022-02-02,1.57,0,0,35
2022-02-03,7.38,0.17,0,40
2022-02-04,11.86,1.87,0.7,34
2022-02-05,14.09,0.05,0.1,22
2022-02-06,6.93,0,0,18
2022-02-07,4.25,0.41,0,29
2022-02-08,11.18,0.49,0,39
2022-02-09,9.84,0,0,36
2022-02-10,9.62,0,0,39
2022-02-11,10.07,0,0,42
2022-02-12,14.54,0,0,49
2022-02-13,10.07,0.22,4.7,34
2022-02-14,14.32,0.01,1.2,22
2022-02-15,11.18,0,0,17
2022-02-16,13.42,0,0,28
2022-02-17,17.22,0.03,0,51
2022-02-18,21.7,0.31,0,51
2022-02-19,15.43,0,0.1,29
2022-02-20,15.66,0,0,24
2022-02-21,10.29,0,0,38
2022-02-22,8.95,0.35,0,39
2022-02-23,17.45,0,0,57
2022-02-24,9.62,0,0,29
2022-02-25,14.54,0.7,8.5,29
2022-02-26,7.61,0,0,22
2022-02-27,15.21,0,0,30
2022-02-28,12.3,0,0,25
2022-03-01,9.4,0.09,0,26
2022-03-02,10.74,0,0,39
2022-03-03,16.11,0.16,0,35
2022-03-04,9.84,0,0,24
2022-03-05,9.4,0,0,33
2022-03-06,15.88,0.01,0,46
2022-03-07,12.08,0.31,0,57
2022-03-08,17,0,0,45
2022-03-09,5.14,0.26,1.9,36
2022-03-10,7.83,0,0,38
2022-03-11,8.5,0,0,41
2022-03-12,13.42,0.36,0.2,41
2022-03-13,18.34,0,0,28
2022-03-14,11.41,0,0,38
2022-03-15,10.51,0.02,0,47
2022-03-16,8.28,0,0,43
2022-03-17,4.92,0.03,0,43
2022-03-18,6.04,0,0,53
2022-03-19,6.49,0.2,0,49
2022-03-20,10.51,0,0,52
2022-03-21,16.78,0,0,50
2022-03-22,15.66,0,0,45
2022-03-23,8.72,0,0,39
2022-03-24,16.78,0.75,0,41
2022-03-25,9.84,0.25,0,46
2022-03-26,9.62,0.33,0,50
2022-03-27,15.88,0,0,44
2022-03-28,17,0.01,0,31
2022-03-29,17.45,0,0,27
2022-03-30,12.97,0,0,37
2022-03-31,16.33,0.15,0,51
2022-04-01,14.09,0.4,0,57
2022-04-02,15.21,0,0,45
2022-04-03,9.17,0,0,44
2022-04-04,12.53,0.01,0,45
2022-04-05,9.17,0,0,50
2022-04-06,10.29,0.11,0,45
2022-04-07,13.65,0.01,0,44
2022-04-08,12.3,0.15,0,53
2022-04-09,9.62,0.11,0,51
2022-04-10,13.87,0,0,48
2022-04-11,11.86,0,0,50
2022-04-12,9.62,0.03,0,56
2022-04-13,9.17,0,0,60
2022-04-14,9.4,0.23,0,50
2022-04-15,12.97,0,0,55
2022-04-16,16.33,0.39,0,60
2022-04-17,13.2,0,0,46
2022-04-18,13.87,0,0,45
2022-04-19,21.7,0.56,0,49
2022-04-20,14.32,0,0,47
2022-04-21,15.21,0,0,51
2022-04-22,14.09,0,0,56
2022-04-23,8.05,0,0,52
2022-04-24,10.07,0,0,47
2022-04-25,10.51,0,0,49
2022-04-26,7.83,0.23,0,49
2022-04-27,14.99,0.09,0,53
2022-04-28,18.34,0,0,46
2022-04-29,14.76,0,0,47
2022-04-30,9.17,0,0,47
2022-05-01,9.62,0,0,52
2022-05-02,9.4,0.16,0,51
2022-05-03,10.51,0.09,0,48
2022-05-04,6.49,0.12,0,49
2022-05-05,7.38,0,0,57
2022-05-06,6.93,0,0,57
2022-05-07,20.8,0,0,51
2022-05-08,16.78,0,0,48
2022-05-09,17.22,0,0,48
2022-05-10,15.43,0,0,52
2022-05-11,11.63,0,0,51
2022-05-12,6.49,0,0,54
2022-05-13,8.72,0,0,58
2022-05-14,10.51,0,0,74
2022-05-15,8.5,0.01,0,70
2022-05-16,11.63,0.09,0,67
2022-05-17,19.01,0,0,65
2022-05-18,10.29,0,0,63
2022-05-19,6.49,0.01,0,58
2022-05-20,9.62,0,0,56
2022-05-21,5.82,0.02,0,61
2022-05-22,8.95,0.09,0,67
2022-05-23,10.07,0,0,67
2022-05-24,10.51,0,0,58
2022-05-25,10.96,0,0,57
2022-05-26,12.53,0,0,61
2022-05-27,14.76,0,0,69
2022-05-28,10.96,0.73,0,69
2022-05-29,9.4,0,0,67
2022-05-30,9.62,0,0,72
2022-05-31,11.18,0,0,69
2022-06-01,7.61,0.09,0,56
2022-06-02,7.61,0.1,0,58
2022-06-03,7.61,0.01,0,56
2022-06-04,9.62,0,0,60
2022-06-05,10.07,0,0,66
2022-06-06,8.5,0,0,66
2022-06-07,14.32,0,0,70
2022-06-08,10.96,0.23,0,71
2022-06-09,12.08,0.85,0,71
2022-06-10,11.41,0,0,70
2022-06-11,8.72,0,0,71
2022-06-12,9.84,0,0,70
2022-06-13,8.5,0.09,0,71
2022-06-14,10.07,0,0,73
2022-06-15,8.72,0,0,68
2022-06-16,12.3,0,0,66
2022-06-17,14.32,0,0,73
2022-06-18,16.55,0,0,70
2022-06-19,10.96,0.31,0,57
2022-06-20,8.95,0,0,62
2022-06-21,9.62,0,0,62
2022-06-22,11.86,0,0,62
2022-06-23,9.84,0,0,63
2022-06-24,7.16,0,0,66
2022-06-25,7.61,0,0,75
2022-06-26,10.96,0,0,78
2022-06-27,12.97,0.65,0,73
2022-06-28,8.95,0,0,70
2022-06-29,7.38,0,0,71
2022-06-30,10.29,0,0,73
2022-07-01,12.97,0,0,77
2022-07-02,11.63,0.19,0,78
2022-07-03,8.5,0,0,77
2022-07-04,8.05,0,0,76
2022-07-05,9.4,0.04,0,73
2022-07-06,12.75,0.01,0,75
2022-07-07,9.62,0,0,71
2022-07-08,10.51,0,0,73
2022-07-09,9.62,0,0,73
2022-07-10,10.96,0,0,69
2022-07-11,14.09,0,0,74
2022-07-12,16.78,0.01,0,76
2022-07-13,8.5,0,0,77
2022-07-14,7.61,0.16,0,71
2022-07-15,10.51,0,0,74
2022-07-16,8.95,0,0,75
2022-07-17,10.07,0,0,76
2022-07-18,10.96,0.15,0,76
2022-07-19,14.54,0.02,0,81
2022-07-20,9.17,0,0,84
2022-07-21,12.75,0,0,83
2022-07-22,9.62,0,0,84
2022-07-23,8.5,0,0,84
2022-07-24,13.2,0,0,87
2022-07-25,13.42,0,0,85
2022-07-26,9.62,0,0,78
2022-07-27,8.05,0,0,74
2022-07-28,10.51,0.04,0,76
2022-07-29,10.51,0,0,82
2022-07-30,10.51,0,0,81
2022-07-31,9.4,0,0,77
2022-08-01,9.84,0.01,0,77
2022-08-02,10.51,0,0,78
2022-08-03,10.74,0,0,78
2022-08-04,10.51,0,0,81
2022-08-05,6.49,0.08,0,81
2022-08-06,9.62,0,0,83
2022-08-07,15.21,0.03,0,86
2022-08-08,14.76,0,0,85
2022-08-09,11.86,0.14,0,85
2022-08-10,8.95,0,0,69
2022-08-11,7.61,0,0,69
2022-08-12,10.07,0,0,73
2022-08-13,7.38,0,0,68
2022-08-14,9.62,0,0,70
2022-08-15,7.16,0,0,71
2022-08-16,9.84,0,0,70
2022-08-17,12.3,0.01,0,70
2022-08-18,15.21,0,0,73
2022-08-19,10.07,0,0,80
2022-08-20,8.05,0,0,79
2022-08-21,8.95,0,0,78
2022-08-22,6.49,0.44,0,70
2022-08-23,5.82,0.02,0,70
2022-08-24,5.59,0,0,72
2022-08-25,7.61,0,0,76
2022-08-26,9.62,0.41,0,78
2022-08-27,9.4,0,0,72
2022-08-28,9.4,0,0,71
2022-08-29,11.41,0,0,75
2022-08-30,13.2,0,0,80
2022-08-31,10.29,0.33,0,77
2022-09-01,11.63,0,0,74
2022-09-02,9.17,0,0,65
2022-09-03,10.29,0,0,66
2022-09-04,8.95,0,0,71
2022-09-05,8.5,0.44,0,70
2022-09-06,10.29,0.53,0,64
2022-09-07,10.96,0,0,65
2022-09-08,9.17,0,0,65
2022-09-09,5.59,0,0,65
2022-09-10,6.49,0,0,72
2022-09-11,7.38,0,0,74
2022-09-12,6.93,0,0,71
2022-09-13,6.93,0.15,0,69
2022-09-14,12.53,0,0,72
2022-09-15,14.32,0,0,67
2022-09-16,10.51,0,0,63
2022-09-17,9.62,0,0,61
2022-09-18,13.87,0.01,0,70
2022-09-19,9.84,0.42,0,65
2022-09-20,6.71,0.01,0,61
2022-09-21,7.61,0,0,62
2022-09-22,12.3,0.75,0,65
2022-09-23,18.79,0,0,56
2022-09-24,14.09,0,0,56
2022-09-25,8.72,0,0,60
2022-09-26,12.3,0.29,0,66
2022-09-27,11.18,0,0,65
2022-09-28,10.29,0,0,63
2022-09-29,10.07,0,0,59
2022-09-30,7.38,0,0,54
2022-10-01,8.05,0.02,0,55
2022-10-02,22.82,0,0,56
2022-10-03,19.24,0,0,53
2022-10-04,17.9,0.46,0,55
2022-10-05,13.2,0.44,0,56
2022-10-06,7.61,0,0,62
2022-10-07,9.84,0,0,65
2022-10-08,11.18,0.01,0,57